1100	0100	0110	0010	0011	1110	0001	0000	1000	1010	1101
0.000723	0.001381	0.079370	0.275537	0.358902	0.013323	0.030891	0.236334	0.000086	0.003452	0.000000
0.000548	0.001214	0.074542	0.264966	0.355658	0.013107	0.032264	0.254441	0.000075	0.003185	0.000000
0.000635	0.001524	0.083710	0.299486	0.355543	0.012144	0.032701	0.209272	0.000555	0.004428	0.000000
0.000601	0.001787	0.079834	0.292091	0.376267	0.010845	0.045479	0.190496	0.000039	0.002561	0.000000
0.000747	0.001552	0.080265	0.278222	0.381246	0.010839	0.034581	0.209766	0.000062	0.002720	0.000000
0.000593	0.001194	0.077748	0.273090	0.394646	0.008262	0.029693	0.212584	0.000050	0.002140	0.000000
0.000766	0.001714	0.085022	0.296517	0.380615	0.008699	0.037105	0.187178	0.000062	0.002321	0.000000
0.000577	0.001388	0.084850	0.305988	0.381393	0.010717	0.036331	0.174107	0.000577	0.004073	0.000000
0.000320	0.000891	0.100766	0.375056	0.381209	0.012572	0.020367	0.104849	0.000327	0.003643	0.000000
0.000005	0.000004	0.001686	0.008532	0.253138	0.000145	0.447291	0.287204	0.001058	0.000936	0.000000
0.000320	0.000896	0.040042	0.215101	0.405399	0.016186	0.048061	0.232854	0.000918	0.040223	0.000000
0.000115	0.000360	0.000455	0.001675	0.008870	0.000161	0.530541	0.456667	0.000581	0.000551	0.000024
0.000101	0.000270	0.000154	0.000370	0.000144	0.000069	0.031400	0.966980	0.000343	0.000169	0.000000
0.000216	0.000704	0.000347	0.001014	0.000916	0.000123	0.041923	0.953491	0.000999	0.000224	0.000044
0.000158	0.000607	0.000250	0.000760	0.002445	0.000079	0.159899	0.834921	0.000680	0.000174	0.000027
0.000026	0.000110	0.000042	0.000132	0.000737	0.000012	0.091559	0.907233	0.000121	0.000024	0.000004
0.000156	0.000519	0.000238	0.000669	0.000961	0.000084	0.070217	0.926283	0.000680	0.000161	0.000031
0.000055	0.000239	0.000089	0.000306	0.000692	0.000023	0.062872	0.935353	0.000307	0.000055	0.000008
0.000087	0.000304	0.000140	0.000437	0.000354	0.000044	0.020590	0.977507	0.000429	0.000093	0.000015
0.000049	0.000223	0.000096	0.000309	0.000415	0.000026	0.032716	0.966153	0.000000	0.000004	0.000008
0.000062	0.000354	0.000137	0.000534	0.000452	0.000030	0.026369	0.972050	0.000000	0.000004	0.000008
0.000087	0.000306	0.000168	0.000544	0.000247	0.000045	0.006496	0.992082	0.000000	0.000007	0.000018
0.000175	0.000561	0.000282	0.000823	0.000574	0.000100	0.021496	0.975037	0.000764	0.000177	0.000011
0.000144	0.000481	0.000247	0.000653	0.000643	0.000090	0.041043	0.956681	0.000000	0.000011	0.000006
0.000964	0.000601	0.000398	0.000467	0.000520	0.000558	0.030849	0.833065	0.107193	0.025323	0.000063
0.001065	0.000598	0.000348	0.000339	0.000285	0.000554	0.016110	0.827354	0.126140	0.027110	0.000098
0.000448	0.000671	0.000451	0.001175	0.000661	0.000238	0.010896	0.942490	0.035466	0.007463	0.000041
0.000256	0.000187	0.000089	0.000161	0.000093	0.000077	0.214496	0.728666	0.047158	0.008806	0.000010
0.000269	0.000394	0.000140	0.000436	0.033071	0.000066	0.375088	0.563827	0.023158	0.003541	0.000011
0.002013	0.000601	0.000427	0.000164	0.008906	0.001036	0.146728	0.372450	0.385864	0.081690	0.000122
0.000171	0.000438	0.000893	0.003726	0.040541	0.000302	0.480471	0.466181	0.005807	0.001471	0.000000
0.000170	0.000666	0.000332	0.000956	0.028490	0.000110	0.375679	0.593460	0.000001	0.000127	0.000007
0.000021	0.000070	0.000032	0.000091	0.014718	0.000011	0.272003	0.712927	0.000090	0.000035	0.000001
0.000047	0.000214	0.000090	0.000298	0.029026	0.000025	0.362314	0.607952	0.000000	0.000032	0.000002
0.000024	0.000134	0.000048	0.000169	0.022662	0.000011	0.380363	0.596572	0.000000	0.000016	0.000001
0.000010	0.000130	0.000235	0.000982	0.161078	0.000057	0.455936	0.381536	0.000000	0.000034	0.000000
0.000003	0.000035	0.000030	0.000107	0.104141	0.000007	0.388760	0.506912	0.000000	0.000004	0.000000
0.000006	0.000056	0.000087	0.000331	0.138737	0.000024	0.429881	0.430782	0.000065	0.000030	0.000000
0.000021	0.000116	0.000052	0.000215	0.035182	0.000012	0.144775	0.819625	0.000000	0.000001	0.000001
0.000337	0.000262	0.000188	0.000386	0.013279	0.000146	0.027084	0.910534	0.034254	0.013529	0.000002
0.000073	0.000273	0.000107	0.000279	0.058645	0.000023	0.087511	0.853087	0.000000	0.000001	0.000000
0.000034	0.000185	0.000066	0.000210	0.003723	0.000016	0.016631	0.979134	0.000000	0.000001	0.000000
0.000052	0.000326	0.000098	0.000328	0.006400	0.000022	0.026321	0.966445	0.000000	0.000001	0.000006
0.000098	0.000548	0.000209	0.000573	0.015945	0.000047	0.044647	0.937906	0.000000	0.000008	0.000018
0.000304	0.001032	0.000487	0.001152	0.004111	0.000185	0.013378	0.979241	0.000002	0.000033	0.000076
0.000090	0.000460	0.000160	0.000471	0.005501	0.000042	0.021529	0.971726	0.000000	0.000007	0.000013
0.000020	0.000103	0.000057	0.000107	0.005007	0.000024	0.010419	0.984107	0.000103	0.000046	0.000007
0.000044	0.000239	0.000128	0.000251	0.000029	0.000051	0.000012	0.998893	0.000240	0.000098	0.000014
0.000083	0.000410	0.000258	0.000455	0.001608	0.000111	0.008049	0.988399	0.000412	0.000180	0.000035
0.000316	0.000942	0.000470	0.001269	0.007173	0.000185	0.022748	0.964479	0.001874	0.000473	0.000071
0.001235	0.002996	0.003089	0.009855	0.035434	0.001201	0.086837	0.847257	0.008818	0.002908	0.000370
0.000874	0.002839	0.002099	0.006701	0.039523	0.000720	0.112589	0.830175	0.003284	0.001004	0.000192
0.000278	0.000838	0.000477	0.001268	0.018619	0.000185	0.068304	0.908797	0.000900	0.000267	0.000068
0.000487	0.001545	0.000849	0.002289	0.007366	0.000320	0.020896	0.963936	0.001721	0.000481	0.000110
0.000578	0.001833	0.001227	0.003691	0.035829	0.000439	0.113769	0.839960	0.002050	0.000623	0.000000
0.000666	0.002147	0.001412	0.004061	0.030211	0.000516	0.092968	0.867911	0.000016	0.000091	0.000000
0.000400	0.001343	0.000791	0.002331	0.026991	0.000284	0.092307	0.873660	0.001479	0.000414	0.000000
0.000861	0.002616	0.001877	0.005531	0.033752	0.000715	0.098156	0.852366	0.003125	0.001002	0.000000
0.000542	0.001518	0.001297	0.004088	0.031178	0.000517	0.093802	0.861980	0.003903	0.001176	0.000000
0.000467	0.001468	0.001184	0.004022	0.039277	0.000430	0.120111	0.828615	0.003459	0.000967	0.000000
0.000659	0.002058	0.001762	0.005806	0.040084	0.000606	0.115046	0.833843	0.000021	0.000114	0.000000
0.001165	0.002852	0.003209	0.010626	0.062845	0.001218	0.162434	0.747768	0.005795	0.002087	0.000001
0.000835	0.002313	0.001791	0.005152	0.040215	0.000705	0.119168	0.826295	0.002625	0.000900	0.000000
0.000111	0.000005	0.000726	0.004957	0.021732	0.000179	0.037670	0.690586	0.196898	0.047137	0.000000
0.000183	0.000009	0.001180	0.005333	0.037397	0.000872	0.060341	0.655147	0.190490	0.049050	0.000000
0.001080	0.001650	0.000671	0.000112	0.012402	0.001449	0.021628	0.626108	0.260895	0.073986	0.000021
0.002674	0.004469	0.001428	0.000174	0.017799	0.002561	0.039088	0.640626	0.241775	0.049333	0.000074
0.001875	0.002347	0.000838	0.000164	0.019610	0.002491	0.034551	0.572320	0.296922	0.068778	0.000103
0.000816	0.001433	0.000501	0.000085	0.013149	0.000589	0.022394	0.666175	0.231847	0.062992	0.000018
0.000226	0.001699	0.000300	0.000000	0.032281	0.000112	0.064413	0.900942	0.000005	0.000021	0.000004
0.000300	0.001548	0.002234	0.003921	0.090966	0.000346	0.128615	0.769652	0.001621	0.000790	0.000009
0.000262	0.001582	0.001180	0.002827	0.041815	0.000248	0.056175	0.893480	0.001723	0.000705	0.000002
0.001621	0.004473	0.003526	0.010037	0.005359	0.001402	0.006634	0.959110	0.005794	0.002042	0.000001
0.000730	0.002191	0.001392	0.003851	0.001719	0.000537	0.002291	0.983804	0.002667	0.000819	0.000000
0.000690	0.002062	0.001295	0.003550	0.001571	0.000503	0.002098	0.984842	0.002599	0.000788	0.000000
0.000331	0.001103	0.000613	0.001761	0.000661	0.000217	0.000974	0.992698	0.001294	0.000349	0.000000
0.001475	0.003799	0.003096	0.008523	0.004703	0.001296	0.005638	0.964339	0.005219	0.001913	0.000001
0.001362	0.001687	0.002059	0.005946	0.003177	0.001263	0.003026	0.563889	0.329246	0.088317	0.000028
0.000400	0.001336	0.000730	0.001996	0.000810	0.000265	0.001157	0.993258	0.000004	0.000038	0.000004
0.000515	0.001730	0.001044	0.003020	0.001330	0.000367	0.001837	0.990083	0.000009	0.000058	0.000009
0.000877	0.001596	0.001380	0.004159	0.002392	0.000700	0.002751	0.790016	0.159116	0.037012	0.000000
0.001432	0.003554	0.003254	0.009129	0.006758	0.001379	0.007953	0.960325	0.004426	0.001789	0.000001
0.000881	0.002602	0.001753	0.004928	0.002288	0.000677	0.002994	0.979619	0.003233	0.001024	0.000000
0.000830	0.002094	0.002333	0.007882	0.003223	0.000858	0.001716	0.970709	0.007939	0.002416	0.000000
0.002688	0.004611	0.008229	0.025872	0.020803	0.003726	0.022052	0.892927	0.012950	0.006139	0.000002
0.000473	0.001254	0.000758	0.001812	0.000801	0.000335	0.001028	0.991537	0.001470	0.000531	0.000000
0.000687	0.002212	0.001517	0.004609	0.002345	0.000544	0.035561	0.948240	0.002638	0.001646	0.000000
0.000447	0.001440	0.000840	0.002386	0.001080	0.000308	0.028229	0.962633	0.001722	0.000914	0.000000
0.000512	0.002070	0.001125	0.003736	0.022973	0.000333	0.070107	0.895480	0.002438	0.001226	0.000000
0.000452	0.001767	0.001059	0.003612	0.037739	0.000315	0.122458	0.829416	0.002044	0.001138	0.000000
0.000485	0.001678	0.001065	0.003361	0.034811	0.000353	0.113133	0.842032	0.001941	0.001141	0.000000
0.000244	0.000934	0.000466	0.001439	0.017846	0.000146	0.065757	0.911663	0.001018	0.000487	0.000000
0.000897	0.002734	0.002013	0.006010	0.031772	0.000752	0.090166	0.860127	0.003325	0.002204	0.000000
0.000480	0.001343	0.000831	0.003628	0.068802	0.000496	0.095058	0.671700	0.135656	0.022005	0.000000
0.001058	0.000666	0.000848	0.002593	0.019385	0.000880	0.023482	0.114298	0.735193	0.101574	0.000022
0.001158	0.000634	0.001582	0.002270	0.010902	0.002826	0.015807	0.084788	0.730690	0.149311	0.000032
0.002411	0.001435	0.004456	0.004745	0.024015	0.009273	0.030624	0.138651	0.620913	0.163385	0.000092
0.000970	0.001266	0.001722	0.000073	0.009405	0.003986	0.018207	0.666214	0.231164	0.066994	0.000000
0.000414	0.001745	0.001080	0.003840	0.068892	0.000507	0.123862	0.796993	0.001900	0.000767	0.000000
0.000112	0.000913	0.000546	0.004467	0.218651	0.000203	0.269293	0.505756	0.000007	0.000051	0.000000
0.000105	0.000981	0.000538	0.003377	0.217340	0.000216	0.256650	0.520726	0.000006	0.000060	0.000000
0.000323	0.001019	0.002702	0.020602	0.192767	0.000988	0.299508	0.480193	0.000072	0.001697	0.000128
0.000067	0.000367	0.000614	0.004393	0.184858	0.000212	0.265497	0.543744	0.000007	0.000212	0.000028
0.000108	0.000751	0.000536	0.001678	0.156396	0.000173	0.256782	0.582846	0.000519	0.000209	0.000002
0.000077	0.000540	0.000321	0.001068	0.129096	0.000087	0.265590	0.602661	0.000387	0.000157	0.000016
0.000171	0.001061	0.000940	0.002941	0.184317	0.000360	0.254787	0.554273	0.000693	0.000441	0.000015
0.000111	0.000775	0.000630	0.001782	0.174310	0.000230	0.240381	0.580896	0.000584	0.000292	0.000008
0.000231	0.001155	0.001019	0.003579	0.161576	0.000381	0.253584	0.577129	0.000870	0.000448	0.000027
0.000132	0.001008	0.000846	0.003730	0.239023	0.000325	0.279767	0.473550	0.001032	0.000521	0.000067
0.000095	0.000578	0.000523	0.001579	0.218957	0.000222	0.258377	0.518755	0.000585	0.000329	0.000000
0.000253	0.001264	0.001065	0.003424	0.191368	0.000455	0.263682	0.535956	0.001742	0.000791	0.000000
0.000110	0.000661	0.000568	0.001897	0.220562	0.000232	0.263396	0.512499	0.000008	0.000067	0.000000
0.000068	0.000489	0.000439	0.001194	0.221257	0.000184	0.252486	0.523828	0.000004	0.000051	0.000000
0.000066	0.000529	0.000291	0.001393	0.213902	0.000128	0.247096	0.536555	0.000004	0.000037	0.000000
0.000382	0.001901	0.001280	0.006225	0.080788	0.000523	0.126477	0.782207	0.000053	0.000155	0.000009
0.000139	0.000860	0.000424	0.001304	0.044203	0.000184	0.069431	0.883393	0.000013	0.000049	0.000000
0.000338	0.001876	0.001044	0.003603	0.066919	0.000481	0.095432	0.829957	0.000038	0.000144	0.000167
0.000564	0.002653	0.001800	0.008528	0.100746	0.000777	0.149907	0.734465	0.000082	0.000226	0.000251
0.000213	0.001393	0.000814	0.004162	0.102010	0.000338	0.139165	0.751562	0.000021	0.000224	0.000098
0.000337	0.001999	0.001219	0.005894	0.081678	0.000548	0.106836	0.800929	0.000039	0.000344	0.000178
0.000065	0.000461	0.000263	0.001605	0.209178	0.000111	0.261697	0.525831	0.000529	0.000230	0.000031
0.000098	0.000678	0.000605	0.001925	0.222105	0.000239	0.265267	0.508961	0.000006	0.000063	0.000053
0.000224	0.001097	0.000948	0.003867	0.274449	0.000400	0.317531	0.401244	0.000020	0.000108	0.000113
0.000122	0.000385	0.000214	0.001018	0.243547	0.000084	0.344825	0.409755	0.000005	0.000016	0.000030
0.000093	0.000341	0.000195	0.000959	0.235824	0.000068	0.343825	0.418219	0.000345	0.000112	0.000018
0.000071	0.000267	0.000151	0.000967	0.229362	0.000047	0.345706	0.422944	0.000376	0.000095	0.000014
0.000115	0.000381	0.000204	0.000969	0.225902	0.000076	0.343714	0.428117	0.000389	0.000106	0.000026
0.000308	0.000654	0.000576	0.002452	0.225008	0.000291	0.337034	0.432951	0.000034	0.000571	0.000121
0.000368	0.000885	0.000721	0.003600	0.253168	0.000335	0.343026	0.396953	0.000030	0.000788	0.000125
0.000201	0.000678	0.000445	0.001708	0.174590	0.000194	0.305972	0.514888	0.000698	0.000626	0.000000
0.000131	0.000434	0.000252	0.001126	0.204997	0.000093	0.341533	0.451232	0.000008	0.000193	0.000000
0.000314	0.000848	0.000650	0.003161	0.234483	0.000274	0.343926	0.415600	0.000020	0.000632	0.000093
0.000367	0.000811	0.000753	0.004251	0.233627	0.000356	0.336462	0.422385	0.000031	0.000928	0.000030
0.000194	0.000630	0.000416	0.002473	0.266207	0.000155	0.349607	0.379841	0.000010	0.000460	0.000006
0.000122	0.000377	0.000214	0.000978	0.224467	0.000085	0.342263	0.430888	0.000384	0.000217	0.000006
0.000150	0.000544	0.000323	0.001452	0.179925	0.000108	0.341602	0.475769	0.000012	0.000102	0.000011
0.000197	0.000626	0.000398	0.001991	0.234421	0.000151	0.345756	0.416345	0.000011	0.000096	0.000009
0.000340	0.001071	0.001084	0.003576	0.098384	0.000377	0.311835	0.582669	0.000008	0.000575	0.000080
0.000150	0.000614	0.000398	0.001393	0.086810	0.000124	0.307906	0.602387	0.000004	0.000188	0.000026
0.000633	0.001737	0.002163	0.007176	0.108828	0.000892	0.316885	0.557530	0.001788	0.002210	0.000158
0.000146	0.000680	0.000432	0.001715	0.090144	0.000137	0.316062	0.589521	0.000703	0.000439	0.000020
0.000004	0.000001	0.000513	0.004597	0.101548	0.000089	0.318179	0.572686	0.001299	0.001082	0.000001
0.000250	0.000930	0.000703	0.002459	0.092702	0.000209	0.312034	0.590527	0.000010	0.000126	0.000050
0.000152	0.000590	0.000359	0.001227	0.088839	0.000108	0.315343	0.593290	0.000009	0.000076	0.000009
0.000196	0.000746	0.000515	0.001761	0.088805	0.000158	0.309314	0.598406	0.000008	0.000090	0.000000
0.000388	0.001239	0.001472	0.003934	0.099020	0.000470	0.313500	0.579659	0.000015	0.000216	0.000088
0.000232	0.000942	0.000985	0.002919	0.098103	0.000264	0.317739	0.578358	0.000008	0.000411	0.000039
0.000116	0.000521	0.000406	0.001138	0.085043	0.000096	0.309099	0.602721	0.000534	0.000308	0.000017
0.000311	0.001092	0.001170	0.003504	0.097912	0.000336	0.315763	0.577726	0.001134	0.000992	0.000060
0.000217	0.000736	0.000942	0.002878	0.100846	0.000259	0.315333	0.575119	0.002396	0.001231	0.000043
0.001467	0.003394	0.004818	0.013613	0.010872	0.001716	0.254072	0.695733	0.008214	0.005661	0.000440
0.000743	0.002046	0.002100	0.005237	0.003949	0.000752	0.241267	0.739595	0.002271	0.001842	0.000197
0.001144	0.002754	0.003198	0.010477	0.008490	0.001242	0.258064	0.712109	0.000158	0.001996	0.000368
0.001582	0.003797	0.004697	0.014853	0.118795	0.001916	0.312443	0.538221	0.000176	0.002988	0.000532
0.000539	0.001741	0.001784	0.006517	0.105243	0.000584	0.314440	0.567977	0.000023	0.001023	0.000128
0.000714	0.001922	0.003248	0.012411	0.120721	0.001134	0.315808	0.541686	0.000027	0.002128	0.000201
0.000282	0.000927	0.000895	0.002526	0.093978	0.000281	0.314082	0.586547	0.000017	0.000402	0.000062
0.000271	0.001018	0.001077	0.003055	0.097138	0.000304	0.315070	0.581872	0.000007	0.000137	0.000051
0.000220	0.000904	0.000934	0.002519	0.094707	0.000239	0.315393	0.584923	0.000006	0.000117	0.000037
0.000213	0.000811	0.000818	0.002136	0.091661	0.000222	0.312520	0.591260	0.000008	0.000310	0.000039
0.000423	0.001171	0.001598	0.003686	0.097119	0.000554	0.309898	0.584753	0.000015	0.000670	0.000113
0.000254	0.000837	0.000794	0.001836	0.089629	0.000249	0.309759	0.596278	0.000009	0.000297	0.000057
0.000455	0.001304	0.001778	0.004231	0.099392	0.000621	0.312722	0.578699	0.000027	0.000770	0.000000
0.000163	0.000712	0.000416	0.001530	0.087594	0.000114	0.311413	0.596890	0.000743	0.000425	0.000000
0.000291	0.000986	0.000992	0.002455	0.093532	0.000294	0.314812	0.584787	0.001028	0.000762	0.000059
0.000253	0.001159	0.001111	0.003178	0.099203	0.000261	0.323499	0.569214	0.001239	0.000847	0.000035
0.000161	0.000603	0.000448	0.001164	0.084718	0.000132	0.306096	0.606477	0.000004	0.000167	0.000031
0.000333	0.001130	0.001189	0.003027	0.096375	0.000345	0.317082	0.578349	0.001183	0.000919	0.000067
0.000475	0.001382	0.002182	0.005444	0.104990	0.000698	0.315529	0.566134	0.001464	0.001701	0.000000
0.000254	0.000767	0.000812	0.001882	0.089418	0.000264	0.307805	0.597388	0.000786	0.000624	0.000000
0.000116	0.000484	0.000280	0.000997	0.083321	0.000079	0.304984	0.608956	0.000500	0.000284	0.000000
0.000445	0.001572	0.001351	0.004658	0.102773	0.000433	0.320494	0.567545	0.000018	0.000710	0.000000
0.000168	0.000779	0.000464	0.001679	0.148767	0.000210	0.248178	0.599157	0.000008	0.000588	0.000000
0.000286	0.000851	0.000686	0.002040	0.089382	0.000259	0.305287	0.601154	0.000010	0.000045	0.000000
0.000159	0.000623	0.000406	0.001397	0.086557	0.000122	0.307630	0.602899	0.000007	0.000194	0.000006
0.000264	0.000871	0.000688	0.002280	0.092910	0.000233	0.313336	0.589028	0.000017	0.000357	0.000017
0.000389	0.001206	0.001123	0.003696	0.097793	0.000395	0.313648	0.581119	0.000021	0.000609	0.000000
0.000177	0.000665	0.000457	0.001545	0.087452	0.000143	0.307241	0.602089	0.000006	0.000220	0.000006
0.000334	0.001276	0.001508	0.004495	0.104308	0.000417	0.321362	0.565463	0.000060	0.000716	0.000060
0.000236	0.000891	0.000818	0.002398	0.092967	0.000250	0.313480	0.588489	0.000044	0.000384	0.000044
0.000144	0.000848	0.000553	0.001904	0.093397	0.000121	0.323247	0.579533	0.000016	0.000220	0.000016
0.000243	0.000916	0.000760	0.002086	0.091120	0.000219	0.312734	0.591491	0.000046	0.000337	0.000046
0.000113	0.000441	0.000292	0.000753	0.080824	0.000087	0.302628	0.614702	0.000021	0.000118	0.000021
0.000385	0.001350	0.001376	0.003617	0.097871	0.000417	0.315144	0.579048	0.000079	0.000635	0.000079
0.000321	0.001286	0.001823	0.005087	0.111468	0.000454	0.330541	0.546991	0.000802	0.001175	0.000051
0.000218	0.000962	0.000776	0.002263	0.092606	0.000197	0.315239	0.587371	0.000035	0.000328	0.000005
0.000534	0.002020	0.002390	0.006505	0.110349	0.000682	0.324980	0.551326	0.000101	0.001104	0.000009
0.000172	0.000980	0.001015	0.003550	0.118425	0.000202	0.353639	0.520708	0.000610	0.000699	0.000000
0.000367	0.001391	0.001421	0.003924	0.100193	0.000399	0.318229	0.572249	0.000838	0.000987	0.000000
0.000315	0.001314	0.001306	0.003702	0.101848	0.000373	0.322323	0.567140	0.000778	0.000900	0.000000
0.000281	0.001782	0.001550	0.004487	0.032414	0.000331	0.111258	0.844611	0.001330	0.001954	0.000000
0.000385	0.001392	0.001106	0.003726	0.098690	0.000378	0.317374	0.576168	0.000077	0.000626	0.000077
0.000178	0.000825	0.000674	0.001835	0.090171	0.000160	0.314383	0.591493	0.000027	0.000255	0.000000
0.000275	0.001062	0.001040	0.002606	0.093819	0.000288	0.313465	0.586911	0.000054	0.000429	0.000050
0.000199	0.001010	0.000845	0.002497	0.096178	0.000186	0.322670	0.575218	0.000646	0.000550	0.000000
0.000134	0.000684	0.000493	0.001429	0.087864	0.000107	0.314282	0.594243	0.000443	0.000321	0.000000
0.001694	0.004330	0.006930	0.016927	0.122226	0.002511	0.312727	0.524847	0.002891	0.004916	0.000003
0.000519	0.002037	0.001771	0.006559	0.110134	0.000523	0.326580	0.549013	0.001298	0.001566	0.000000
0.000275	0.001223	0.000842	0.003174	0.097641	0.000229	0.320532	0.575541	0.000048	0.000450	0.000044
0.000559	0.001723	0.001935	0.006586	0.107868	0.000661	0.317839	0.561358	0.000132	0.001207	0.000132
0.000194	0.000831	0.000623	0.002327	0.094781	0.000172	0.315297	0.585376	0.000032	0.000337	0.000032
0.000203	0.000913	0.000790	0.003070	0.105028	0.000212	0.327563	0.561722	0.000031	0.000438	0.000031
0.000214	0.001080	0.000913	0.002570	0.095844	0.000201	0.321588	0.577448	0.000029	0.000108	0.000004
0.000252	0.000825	0.000625	0.001997	0.089415	0.000215	0.307085	0.598779	0.000514	0.000293	0.000000
0.000168	0.000714	0.000482	0.001764	0.090452	0.000140	0.311419	0.594211	0.000446	0.000206	0.000000
0.000008	0.000033	0.000014	0.000043	0.068866	0.000004	0.290460	0.640544	0.000021	0.000007	0.000000
0.000178	0.000718	0.000423	0.001411	0.085994	0.000123	0.306628	0.604431	0.000032	0.000063	0.000000
0.000272	0.001256	0.000820	0.003074	0.097164	0.000216	0.319897	0.577087	0.000043	0.000129	0.000042
0.000172	0.000726	0.000428	0.001512	0.087104	0.000122	0.309426	0.599688	0.000453	0.000370	0.000000
0.000523	0.001891	0.001707	0.005936	0.106875	0.000545	0.321997	0.559219	0.000121	0.001173	0.000014
0.000544	0.001930	0.002474	0.006254	0.108365	0.000729	0.322639	0.555708	0.000110	0.001246	0.000000
0.000132	0.000644	0.000562	0.001590	0.090699	0.000127	0.314916	0.591073	0.000018	0.000238	0.000000
0.000242	0.001030	0.000956	0.002551	0.094333	0.000241	0.316788	0.583355	0.000039	0.000426	0.000039
0.000226	0.001109	0.001014	0.002873	0.098679	0.000250	0.323365	0.572004	0.000031	0.000450	0.000000
0.000001	0.000000	0.000346	0.002407	0.093105	0.000045	0.315789	0.587834	0.000376	0.000097	0.000000
0.000001	0.000000	0.000297	0.001879	0.089420	0.000043	0.308464	0.599567	0.000249	0.000078	0.000000
0.000279	0.001093	0.001033	0.003221	0.093519	0.000277	0.311493	0.589001	0.000051	0.000033	0.000000
0.000538	0.001482	0.002342	0.005890	0.105818	0.000819	0.314004	0.568868	0.000145	0.000094	0.000000
0.000260	0.000990	0.000834	0.002179	0.090803	0.000239	0.310545	0.594044	0.000049	0.000056	0.000000
0.000486	0.001745	0.001810	0.004898	0.103175	0.000530	0.319660	0.566145	0.001045	0.000412	0.000093
0.000106	0.000445	0.000276	0.000753	0.080358	0.000073	0.302967	0.614657	0.000275	0.000073	0.000017
0.000337	0.001256	0.001190	0.003080	0.095809	0.000346	0.313902	0.583865	0.000066	0.000085	0.000065
0.000201	0.000860	0.000711	0.002245	0.092521	0.000179	0.314934	0.587585	0.000569	0.000163	0.000031
0.000154	0.000535	0.000429	0.000996	0.085436	0.000127	0.309424	0.602400	0.000352	0.000116	0.000032
0.000300	0.001369	0.000930	0.003516	0.101284	0.000245	0.323610	0.567667	0.000804	0.000230	0.000044
0.000150	0.000464	0.000838	0.003576	0.101328	0.000247	0.315689	0.577280	0.000276	0.000152	0.000000
0.000202	0.000654	0.001424	0.006531	0.113980	0.000385	0.325377	0.550821	0.000397	0.000229	0.000000
0.000308	0.001046	0.000834	0.002766	0.099535	0.000275	0.321438	0.572929	0.000643	0.000225	0.000000
0.000273	0.000791	0.000616	0.001786	0.091888	0.000237	0.311339	0.592402	0.000469	0.000199	0.000000
0.000183	0.000906	0.000634	0.002524	0.110025	0.000159	0.341683	0.542805	0.000535	0.000546	0.000000
0.000085	0.000456	0.000297	0.000875	0.088028	0.000061	0.318930	0.590778	0.000297	0.000193	0.000000
0.000001	0.000000	0.000606	0.003718	0.107359	0.000090	0.331374	0.555778	0.000391	0.000684	0.000000
0.000295	0.001022	0.001633	0.004438	0.102217	0.000473	0.316109	0.573059	0.000017	0.000736	0.000000
0.001182	0.002917	0.005027	0.012062	0.114639	0.001847	0.312162	0.547134	0.000133	0.002506	0.000391
0.000256	0.001372	0.001321	0.003923	0.104615	0.000288	0.330412	0.557288	0.000008	0.000485	0.000032
0.000000	0.000000	0.000413	0.002289	0.091729	0.000072	0.308195	0.596044	0.000660	0.000596	0.000000
0.000246	0.000955	0.001081	0.002932	0.095733	0.000290	0.315416	0.581553	0.000976	0.000817	0.000000
0.000469	0.001620	0.002769	0.007311	0.111978	0.000807	0.321454	0.549871	0.001614	0.002095	0.000014
0.000209	0.000750	0.000678	0.001649	0.087831	0.000221	0.307979	0.599369	0.000780	0.000533	0.000000
0.000171	0.000783	0.000745	0.002203	0.093276	0.000169	0.317661	0.583612	0.000799	0.000557	0.000023
0.000746	0.002129	0.003619	0.009936	0.113425	0.001111	0.315030	0.545612	0.004559	0.003650	0.000184
0.000001	0.000000	0.000479	0.003217	0.100839	0.000061	0.324858	0.568969	0.000897	0.000679	0.000000
0.000370	0.001173	0.001540	0.003789	0.104590	0.000486	0.324269	0.561347	0.001181	0.001176	0.000080
0.001481	0.003523	0.005854	0.014699	0.041565	0.002110	0.276692	0.639591	0.007916	0.006114	0.000456
0.001227	0.003325	0.005297	0.014273	0.044849	0.001717	0.281690	0.634333	0.007467	0.005506	0.000316
0.000979	0.002772	0.004218	0.011550	0.028716	0.001328	0.265163	0.671425	0.008558	0.005058	0.000234
0.000820	0.002527	0.003767	0.010808	0.043569	0.001095	0.284957	0.642752	0.005653	0.003873	0.000180
0.001717	0.004264	0.006749	0.017058	0.042814	0.002399	0.275805	0.633107	0.008685	0.006899	0.000502
0.001350	0.003804	0.005674	0.014115	0.034968	0.001909	0.272214	0.662096	0.000452	0.003040	0.000379
0.000723	0.002291	0.003724	0.011035	0.065171	0.001040	0.305413	0.603676	0.003515	0.003255	0.000156
0.001401	0.003511	0.005805	0.014053	0.046953	0.002081	0.285202	0.637627	0.000125	0.002787	0.000454
0.000989	0.002939	0.004308	0.010717	0.028437	0.001398	0.267081	0.682207	0.000037	0.001887	0.000000
0.001067	0.002866	0.004281	0.010370	0.032900	0.001474	0.273035	0.671694	0.000060	0.001935	0.000319
0.000322	0.001046	0.001237	0.003227	0.029827	0.000360	0.276366	0.687002	0.000025	0.000514	0.000074
0.001651	0.004200	0.008432	0.021205	0.047520	0.003425	0.275632	0.632972	0.000099	0.004335	0.000529
0.001111	0.003014	0.005558	0.014864	0.043140	0.001866	0.276669	0.646797	0.004693	0.001993	0.000296
0.001028	0.002761	0.003921	0.009328	0.035905	0.000959	0.278192	0.667286	0.000071	0.000241	0.000308
0.001134	0.003147	0.005280	0.012991	0.041664	0.001234	0.277463	0.656368	0.000076	0.000316	0.000329
0.001578	0.003440	0.005893	0.013517	0.039708	0.002468	0.276732	0.648725	0.005191	0.002747	0.000002
0.001799	0.004547	0.006710	0.017589	0.040072	0.002719	0.273776	0.642034	0.007401	0.003351	0.000002
0.000661	0.001954	0.002649	0.007805	0.040078	0.001331	0.283527	0.655274	0.003744	0.002977	0.000000
0.001479	0.004087	0.006434	0.018593	0.052986	0.003321	0.285987	0.612174	0.007790	0.007149	0.000000
0.000019	0.000001	0.000027	0.000105	0.012571	0.000227	0.254145	0.718284	0.012807	0.001814	0.000001
0.000186	0.000632	0.001235	0.004819	0.049426	0.000296	0.300566	0.641938	0.000648	0.000240	0.000013
0.000611	0.002153	0.007868	0.029975	0.063981	0.001918	0.293405	0.587583	0.004677	0.007717	0.000112
0.000314	0.000954	0.002142	0.007566	0.041270	0.000599	0.285992	0.659337	0.001224	0.000529	0.000072
0.001378	0.004276	0.005844	0.016895	0.047893	0.001845	0.285213	0.633215	0.000127	0.002964	0.000350
0.001050	0.003843	0.004851	0.015250	0.048458	0.001349	0.288929	0.633572	0.000084	0.002394	0.000219
0.001343	0.003114	0.004691	0.012779	0.043587	0.001735	0.281141	0.640119	0.006055	0.005002	0.000435
0.001194	0.003184	0.004344	0.011820	0.047659	0.001541	0.292195	0.630532	0.003406	0.003802	0.000324
0.000432	0.001408	0.001206	0.003160	0.021657	0.000383	0.267426	0.702126	0.001471	0.000640	0.000091
0.000392	0.001386	0.001104	0.002913	0.016963	0.000328	0.259219	0.715784	0.001446	0.000390	0.000075
0.000001	0.000000	0.000608	0.003843	0.021128	0.000101	0.263496	0.709127	0.001181	0.000514	0.000000
0.001206	0.002983	0.004321	0.011520	0.033190	0.001690	0.271020	0.664752	0.005900	0.003058	0.000360
0.000002	0.000001	0.000767	0.005141	0.103711	0.000115	0.319697	0.567970	0.001393	0.001204	0.000000
0.000550	0.001500	0.001673	0.004070	0.098524	0.000610	0.312955	0.577804	0.001563	0.000606	0.000146
0.000487	0.001200	0.001411	0.003342	0.095473	0.000556	0.309149	0.586472	0.001217	0.000546	0.000147
0.000212	0.000787	0.000605	0.001618	0.088143	0.000175	0.310136	0.598253	0.000007	0.000024	0.000040
0.000314	0.001054	0.000960	0.002584	0.093344	0.000296	0.313151	0.586666	0.001078	0.000488	0.000064
0.000451	0.001225	0.001276	0.003146	0.096563	0.000467	0.313908	0.580886	0.001264	0.000694	0.000120
0.000644	0.002383	0.003115	0.009809	0.114107	0.000870	0.320285	0.548059	0.000030	0.000565	0.000132
0.000606	0.002131	0.002858	0.008459	0.109840	0.000834	0.315913	0.558783	0.000021	0.000424	0.000132
0.000297	0.001194	0.001011	0.002967	0.096498	0.000275	0.319232	0.578427	0.000011	0.000038	0.000051
0.000512	0.001424	0.001958	0.005734	0.102575	0.000663	0.312854	0.573932	0.000049	0.000159	0.000141
0.000453	0.001512	0.001972	0.005505	0.101124	0.000592	0.310036	0.578579	0.000011	0.000112	0.000103
0.000534	0.001714	0.002144	0.006573	0.106660	0.000660	0.318959	0.562564	0.000044	0.000148	0.000000
0.000501	0.001648	0.002131	0.006090	0.107333	0.000651	0.320860	0.560516	0.000021	0.000134	0.000114
0.000251	0.000784	0.000843	0.002413	0.093980	0.000269	0.313440	0.587771	0.000016	0.000174	0.000058
0.001014	0.002681	0.004903	0.012688	0.119140	0.001761	0.317690	0.539050	0.000032	0.000732	0.000308
0.000727	0.002332	0.003512	0.010068	0.112882	0.001101	0.314788	0.552689	0.000025	0.001698	0.000178
0.000657	0.001785	0.002829	0.007871	0.107910	0.001504	0.311614	0.558817	0.003636	0.003204	0.000173
0.000428	0.001322	0.001682	0.004909	0.099906	0.000580	0.311202	0.577143	0.002021	0.000709	0.000098
0.000542	0.001705	0.002287	0.006721	0.105427	0.000712	0.314413	0.566915	0.000030	0.001115	0.000133
0.001088	0.003299	0.005175	0.014550	0.120139	0.001681	0.315175	0.535991	0.000046	0.002570	0.000287
0.000990	0.002249	0.003557	0.009464	0.110185	0.001355	0.310541	0.553827	0.003890	0.003609	0.000334
0.000874	0.002080	0.003261	0.008823	0.108500	0.001195	0.309873	0.557737	0.003966	0.003414	0.000277
0.001369	0.003205	0.005106	0.013392	0.118102	0.001991	0.314139	0.539302	0.000141	0.002770	0.000483
0.000754	0.003042	0.004488	0.014000	0.126579	0.001223	0.325206	0.522550	0.000019	0.002137	0.000001
0.000581	0.001762	0.002522	0.006910	0.107733	0.000846	0.317456	0.560892	0.000049	0.001250	0.000000
0.000581	0.001655	0.002306	0.006082	0.105072	0.000812	0.315573	0.566727	0.000050	0.001142	0.000000
0.000201	0.000880	0.000442	0.001197	0.086746	0.000121	0.313773	0.595918	0.000578	0.000133	0.000011
0.000535	0.001795	0.001844	0.004458	0.100689	0.000628	0.314348	0.574870	0.000022	0.000791	0.000021
0.000931	0.002649	0.002577	0.005877	0.105722	0.001007	0.318287	0.561525	0.000105	0.001236	0.000085
0.000366	0.001230	0.000841	0.001914	0.090575	0.000292	0.311392	0.593294	0.000022	0.000051	0.000022
0.000533	0.002020	0.001124	0.003332	0.110758	0.000364	0.342937	0.538647	0.000102	0.000081	0.000102
0.000878	0.002902	0.001904	0.005217	0.117669	0.000707	0.343571	0.525883	0.000219	0.001049	0.000000
0.000358	0.001500	0.000714	0.002219	0.104778	0.000212	0.340862	0.548355	0.000750	0.000194	0.000058
0.000464	0.001818	0.000944	0.002859	0.108070	0.000298	0.341751	0.542527	0.000924	0.000262	0.000082
0.000450	0.001518	0.000801	0.002162	0.107790	0.000289	0.342002	0.543874	0.000770	0.000251	0.000095
0.000211	0.000605	0.000157	0.001126	0.227022	0.000095	0.342096	0.428037	0.000458	0.000140	0.000054
0.000185	0.000532	0.000128	0.001159	0.252833	0.000082	0.344818	0.399663	0.000423	0.000128	0.000048
0.000628	0.001557	0.000718	0.002854	0.183924	0.000402	0.336505	0.473003	0.000082	0.000123	0.000203
0.000349	0.001804	0.000960	0.004884	0.196021	0.000415	0.331619	0.463737	0.000048	0.000116	0.000048
0.000370	0.001320	0.000672	0.002290	0.175090	0.000340	0.335763	0.483059	0.000674	0.000349	0.000074
0.000203	0.001154	0.000396	0.001912	0.224815	0.000208	0.337447	0.433755	0.000024	0.000062	0.000024
0.000222	0.001049	0.000410	0.001722	0.203737	0.000214	0.334866	0.456935	0.000549	0.000265	0.000031
0.000225	0.001019	0.000373	0.001442	0.215358	0.000213	0.337057	0.444170	0.000035	0.000074	0.000034
0.000298	0.001468	0.000582	0.002649	0.229801	0.000323	0.337103	0.427449	0.000045	0.000242	0.000042
0.000310	0.001639	0.000700	0.004034	0.234280	0.000368	0.333832	0.424635	0.000042	0.000119	0.000041
0.000348	0.001334	0.000634	0.002377	0.199155	0.000345	0.335071	0.460486	0.000066	0.000119	0.000066
0.000182	0.000916	0.000353	0.001723	0.219593	0.000190	0.334400	0.442450	0.000025	0.000142	0.000025
0.000278	0.001606	0.000714	0.004078	0.217235	0.000330	0.334451	0.440947	0.000038	0.000290	0.000034
0.000460	0.001649	0.000750	0.002826	0.210163	0.000409	0.334590	0.448793	0.000097	0.000168	0.000096
0.000234	0.001235	0.000452	0.002179	0.224760	0.000241	0.337126	0.432754	0.000668	0.000323	0.000028
0.000391	0.001502	0.000716	0.002834	0.223913	0.000429	0.334073	0.434866	0.000786	0.000490	0.000000
0.000260	0.001369	0.000582	0.002713	0.202054	0.000274	0.335396	0.456285	0.000725	0.000342	0.000000
0.000412	0.001896	0.000947	0.004208	0.209063	0.000473	0.334867	0.446600	0.000994	0.000542	0.000000
0.000251	0.001290	0.000533	0.002396	0.198138	0.000252	0.335329	0.460815	0.000680	0.000315	0.000000
0.000262	0.001195	0.000494	0.002346	0.229729	0.000286	0.334192	0.431350	0.000042	0.000104	0.000000
0.000198	0.001019	0.000404	0.001936	0.207735	0.000201	0.334626	0.453789	0.000027	0.000063	0.000000
0.000434	0.001139	0.001065	0.002854	0.246797	0.000450	0.344663	0.402472	0.000026	0.000099	0.000000
0.000092	0.000301	0.000306	0.001063	0.262225	0.000102	0.351658	0.384196	0.000003	0.000052	0.000000
0.000155	0.000482	0.000564	0.002053	0.239852	0.000184	0.349243	0.406416	0.000484	0.000568	0.000000
0.000319	0.000857	0.002000	0.008582	0.328784	0.000651	0.349454	0.305164	0.001704	0.002479	0.000007
0.000189	0.000659	0.000916	0.003643	0.256489	0.000270	0.357891	0.379393	0.000008	0.000534	0.000008
0.000227	0.000715	0.000912	0.003199	0.300081	0.000308	0.354681	0.339353	0.000005	0.000512	0.000005
0.000546	0.001324	0.002672	0.010180	0.281107	0.000975	0.343036	0.358198	0.000050	0.001886	0.000025
0.000234	0.000763	0.001256	0.005369	0.290688	0.000378	0.353483	0.346943	0.000008	0.000826	0.000052
0.000258	0.001046	0.001006	0.008083	0.277610	0.000273	0.354152	0.355517	0.000009	0.001919	0.000125
0.000399	0.001561	0.001806	0.012656	0.284369	0.000484	0.352048	0.343723	0.000014	0.002778	0.000162
0.000131	0.000506	0.000493	0.001845	0.284866	0.000145	0.357927	0.353800	0.000003	0.000260	0.000024
0.000213	0.000581	0.000774	0.002549	0.298368	0.000286	0.355942	0.340784	0.000007	0.000439	0.000057
0.000316	0.000725	0.001026	0.003152	0.273320	0.000422	0.349970	0.370341	0.000016	0.000608	0.000104
0.000188	0.000766	0.000774	0.003128	0.244340	0.000209	0.365275	0.384854	0.000008	0.000425	0.000032
0.000149	0.000647	0.000366	0.001431	0.162164	0.000116	0.272127	0.562685	0.000006	0.000246	0.000063
0.000156	0.000559	0.000707	0.002705	0.344984	0.000209	0.368464	0.280954	0.000548	0.000711	0.000003
0.000136	0.000401	0.000454	0.001671	0.239100	0.000155	0.344446	0.413354	0.000007	0.000270	0.000007
0.000776	0.001528	0.002124	0.006236	0.223302	0.000972	0.339955	0.421109	0.001558	0.002141	0.000299
0.000243	0.000625	0.000954	0.002247	0.251384	0.000333	0.346345	0.396423	0.000642	0.000736	0.000066
0.000005	0.000001	0.000561	0.003100	0.235306	0.000104	0.348222	0.411320	0.000645	0.000735	0.000001
0.000216	0.000674	0.000596	0.001498	0.154919	0.000199	0.278432	0.562376	0.000692	0.000303	0.000097
0.000122	0.000528	0.000329	0.001394	0.277073	0.000099	0.341052	0.378510	0.000542	0.000333	0.000019
0.000136	0.000534	0.000327	0.001235	0.203075	0.000105	0.310979	0.482579	0.000556	0.000429	0.000045
0.000222	0.001160	0.001136	0.003540	0.229348	0.000220	0.309345	0.453302	0.001206	0.000435	0.000087
0.000150	0.000853	0.000460	0.002316	0.212330	0.000114	0.303968	0.478069	0.000932	0.000755	0.000052
0.000146	0.000445	0.000419	0.001392	0.249500	0.000148	0.347465	0.399568	0.000458	0.000425	0.000034
0.000168	0.000467	0.000437	0.001377	0.233103	0.000164	0.343612	0.419713	0.000474	0.000441	0.000044
0.000330	0.000850	0.001169	0.003894	0.276464	0.000437	0.348757	0.365961	0.000859	0.001187	0.000091
0.000081	0.000269	0.000232	0.000797	0.243527	0.000076	0.348186	0.406530	0.000214	0.000071	0.000017
0.000355	0.000887	0.001151	0.003598	0.273888	0.000453	0.347359	0.372082	0.000015	0.000104	0.000109
0.000468	0.001092	0.001758	0.004062	0.229139	0.000641	0.343878	0.417287	0.001086	0.000553	0.000036
0.000293	0.000759	0.001072	0.003903	0.259086	0.000358	0.343870	0.390538	0.000017	0.000088	0.000015
0.000135	0.000395	0.000315	0.000947	0.216708	0.000119	0.341070	0.440280	0.000008	0.000024	0.000000
0.000126	0.000413	0.000330	0.001103	0.189702	0.000111	0.338607	0.469568	0.000009	0.000022	0.000009
0.000090	0.000328	0.000232	0.000799	0.187682	0.000073	0.338747	0.472030	0.000005	0.000013	0.000000
0.000122	0.000371	0.000405	0.001417	0.254328	0.000137	0.353715	0.388979	0.000364	0.000134	0.000028
0.000308	0.000869	0.001447	0.005536	0.301066	0.000487	0.353891	0.336166	0.000025	0.000124	0.000081
0.000129	0.000334	0.000363	0.001197	0.239985	0.000139	0.340500	0.417271	0.000011	0.000031	0.000038
0.000187	0.000586	0.000771	0.002848	0.255167	0.000248	0.353151	0.386838	0.000008	0.000155	0.000042
0.000001	0.000000	0.000148	0.001458	0.220896	0.000022	0.348917	0.428039	0.000430	0.000088	0.000000
0.000003	0.000001	0.000396	0.003355	0.270681	0.000071	0.352111	0.372478	0.000707	0.000198	0.000001
0.000216	0.000595	0.000869	0.002962	0.325088	0.000312	0.352515	0.315901	0.000601	0.000886	0.000056
0.000201	0.000698	0.000670	0.002478	0.237220	0.000208	0.351448	0.405935	0.000715	0.000387	0.000040
0.000086	0.000294	0.000263	0.000639	0.195920	0.000079	0.340187	0.462103	0.000295	0.000134	0.000000
0.000250	0.000590	0.000813	0.001763	0.237511	0.000319	0.342088	0.416501	0.000015	0.000149	0.000000
0.000136	0.000421	0.000496	0.001184	0.242788	0.000158	0.346996	0.407739	0.000005	0.000072	0.000005
0.000336	0.000745	0.001090	0.002345	0.233710	0.000443	0.341475	0.419608	0.000027	0.000221	0.000000
0.000090	0.000308	0.000304	0.000802	0.259019	0.000094	0.349664	0.389702	0.000003	0.000014	0.000000
0.000223	0.000614	0.000831	0.002106	0.262525	0.000294	0.347847	0.385490	0.000009	0.000061	0.000000
0.000145	0.000509	0.000483	0.001375	0.213807	0.000144	0.345871	0.437635	0.000007	0.000023	0.000000
0.000420	0.001075	0.001588	0.004373	0.229363	0.000569	0.345703	0.414447	0.001103	0.001359	0.000000
0.000263	0.000680	0.000980	0.002548	0.252430	0.000351	0.346329	0.394898	0.000700	0.000822	0.000000
0.000694	0.001541	0.002978	0.007811	0.262346	0.001142	0.345391	0.373954	0.001609	0.002534	0.000000
0.000165	0.000412	0.000506	0.001209	0.252203	0.000194	0.343567	0.401076	0.000413	0.000248	0.000007
0.000143	0.000465	0.000486	0.001354	0.230945	0.000152	0.346946	0.418798	0.000468	0.000243	0.000000
0.000232	0.000583	0.000815	0.001867	0.240120	0.000298	0.343837	0.411282	0.000583	0.000382	0.000000
0.000089	0.000377	0.000442	0.001314	0.227223	0.000104	0.356162	0.413716	0.000378	0.000192	0.000003
0.000146	0.000458	0.000867	0.002369	0.288007	0.000239	0.365775	0.341503	0.000433	0.000174	0.000029
0.000161	0.000449	0.000595	0.001372	0.253904	0.000183	0.350372	0.392875	0.000008	0.000037	0.000043
0.000346	0.000938	0.001725	0.003648	0.282578	0.000700	0.339004	0.370729	0.000017	0.000174	0.000141
0.000307	0.000851	0.001294	0.002362	0.243960	0.000653	0.306813	0.443382	0.000026	0.000187	0.000165
0.000157	0.000697	0.000773	0.002693	0.259724	0.000154	0.304551	0.431098	0.000014	0.000051	0.000087
0.000186	0.000752	0.000985	0.004076	0.290529	0.000210	0.322376	0.380731	0.000002	0.000048	0.000104
0.000162	0.000768	0.000968	0.004672	0.293363	0.000204	0.331389	0.365706	0.001893	0.000803	0.000072
0.000147	0.000591	0.000738	0.002872	0.290045	0.000160	0.328002	0.376008	0.000975	0.000388	0.000075
0.000135	0.000584	0.000824	0.003210	0.300932	0.000162	0.334340	0.358881	0.000534	0.000331	0.000068
0.000099	0.000440	0.000431	0.001169	0.256343	0.000099	0.315171	0.425997	0.000004	0.000206	0.000043
0.000129	0.000423	0.000646	0.003155	0.313766	0.000155	0.335480	0.344247	0.000894	0.001031	0.000073
0.000000	0.000000	0.000058	0.001765	0.272424	0.000004	0.317584	0.407420	0.000525	0.000219	0.000000
0.000222	0.000561	0.000637	0.001977	0.256432	0.000255	0.345025	0.393614	0.000568	0.000643	0.000065
0.000007	0.000001	0.000470	0.003348	0.243405	0.000150	0.343292	0.407820	0.000639	0.000867	0.000000
0.000217	0.000677	0.000909	0.003169	0.321288	0.000322	0.356046	0.316795	0.000007	0.000519	0.000050
0.000130	0.000475	0.000425	0.001567	0.253469	0.000130	0.353017	0.389837	0.000493	0.000433	0.000024
0.000259	0.000776	0.000941	0.003323	0.269941	0.000323	0.352013	0.370581	0.000819	0.000965	0.000059
0.000352	0.000801	0.001039	0.003152	0.260638	0.000437	0.344110	0.387972	0.000804	0.000579	0.000116
0.000200	0.000503	0.000565	0.001785	0.224847	0.000223	0.340976	0.429999	0.000503	0.000340	0.000058
0.000085	0.000309	0.000227	0.000770	0.243815	0.000072	0.348351	0.406332	0.000003	0.000036	0.000000
0.000587	0.001235	0.002150	0.005324	0.252835	0.000873	0.343134	0.391580	0.001225	0.001057	0.000000
0.000164	0.000434	0.000449	0.001109	0.215432	0.000168	0.340401	0.441161	0.000434	0.000248	0.000000
0.000973	0.001956	0.004781	0.013880	0.259138	0.001793	0.336897	0.374849	0.002845	0.002550	0.000338
0.000431	0.001060	0.001634	0.004180	0.251519	0.000607	0.346541	0.393551	0.000029	0.000319	0.000130
0.000290	0.000818	0.001170	0.003117	0.259113	0.000396	0.349693	0.385118	0.000015	0.000197	0.000074
0.000474	0.001036	0.001869	0.005148	0.234388	0.000716	0.338991	0.416727	0.000048	0.000439	0.000164
0.000004	0.000001	0.000437	0.002826	0.228666	0.000079	0.346671	0.420349	0.000619	0.000347	0.000001
0.000444	0.001178	0.002407	0.007395	0.262612	0.000782	0.346042	0.378503	0.000031	0.000484	0.000121
0.000556	0.001236	0.003367	0.009837	0.291478	0.001205	0.342786	0.347426	0.000025	0.001897	0.000186
0.001494	0.002981	0.005686	0.015804	0.217246	0.002302	0.332848	0.417391	0.000221	0.003462	0.000563
0.000136	0.000458	0.000571	0.001576	0.277747	0.000182	0.354180	0.364897	0.000003	0.000249	0.000000
0.000501	0.001429	0.004063	0.010401	0.279580	0.000910	0.348793	0.351236	0.000025	0.002811	0.000252
0.000276	0.000721	0.001139	0.002587	0.236504	0.000372	0.345520	0.411101	0.000740	0.000931	0.000108
0.000148	0.000613	0.001082	0.002416	0.283658	0.000223	0.362192	0.349011	0.000006	0.000593	0.000056
0.000177	0.000530	0.000704	0.001860	0.265744	0.000233	0.349892	0.380540	0.000006	0.000315	0.000000
0.000303	0.000847	0.001369	0.003649	0.275112	0.000466	0.350915	0.366669	0.000017	0.000653	0.000000
0.000087	0.000461	0.000359	0.001109	0.178545	0.000076	0.329977	0.488542	0.000470	0.000374	0.000000
0.000150	0.000774	0.000714	0.002364	0.225661	0.000150	0.341343	0.428810	0.000005	0.000029	0.000000
0.000183	0.000629	0.000636	0.002336	0.252297	0.000198	0.352323	0.390093	0.000656	0.000649	0.000000
0.000337	0.000825	0.001320	0.004467	0.248109	0.000496	0.345869	0.397726	0.000029	0.000821	0.000000
0.000152	0.000528	0.000479	0.001667	0.239043	0.000165	0.349886	0.407818	0.000006	0.000254	0.000000
0.000156	0.000502	0.000459	0.001541	0.238732	0.000156	0.347273	0.410921	0.000008	0.000246	0.000006
0.000225	0.000673	0.000679	0.002053	0.287148	0.000254	0.350919	0.357629	0.000006	0.000357	0.000058
0.000298	0.000829	0.001342	0.004946	0.303498	0.000558	0.341310	0.345972	0.000008	0.001232	0.000008
0.000467	0.001220	0.002235	0.008700	0.274327	0.000782	0.345695	0.364477	0.000284	0.001815	0.000000
0.000169	0.000626	0.000658	0.002449	0.290005	0.000197	0.357603	0.347840	0.000033	0.000388	0.000032
0.000219	0.000587	0.000699	0.002225	0.273827	0.000266	0.347949	0.373767	0.000007	0.000392	0.000061
0.000371	0.000902	0.001225	0.003839	0.267072	0.000491	0.346440	0.378808	0.000017	0.000719	0.000116
0.000586	0.001220	0.002039	0.006820	0.241010	0.000855	0.337433	0.408606	0.000055	0.001377	0.000000
0.000460	0.001085	0.002201	0.008216	0.293563	0.000811	0.342825	0.350648	0.000017	0.000173	0.000000
0.000163	0.000526	0.000748	0.002826	0.271472	0.000236	0.356934	0.366655	0.000006	0.000435	0.000000
0.000689	0.001443	0.004180	0.011015	0.263154	0.001446	0.348732	0.364629	0.001328	0.003186	0.000198
0.000179	0.000523	0.000816	0.002040	0.284052	0.000263	0.352420	0.358510	0.000527	0.000627	0.000042
0.000365	0.000941	0.002298	0.006098	0.264128	0.000725	0.353557	0.370798	0.000019	0.001072	0.000000
0.000393	0.001279	0.002222	0.006012	0.263016	0.000638	0.356874	0.368474	0.000027	0.000984	0.000082
0.000457	0.001026	0.001804	0.004125	0.249594	0.000695	0.344587	0.396686	0.000029	0.000846	0.000151
0.000269	0.000564	0.001582	0.005669	0.330998	0.000599	0.355568	0.302420	0.000610	0.001635	0.000086
0.000222	0.000629	0.000652	0.002125	0.245077	0.000238	0.346414	0.403769	0.000638	0.000235	0.000000
0.000267	0.000638	0.000645	0.001857	0.227198	0.000264	0.340989	0.427883	0.000020	0.000150	0.000089
0.000074	0.000330	0.000303	0.000956	0.291941	0.000096	0.348373	0.357870	0.000002	0.000036	0.000019
0.000499	0.001261	0.001986	0.006731	0.300946	0.000733	0.350435	0.335398	0.001261	0.000610	0.000141
0.000294	0.000875	0.001627	0.004158	0.305058	0.000532	0.356017	0.330650	0.000007	0.000712	0.000069
0.000363	0.001028	0.002665	0.007746	0.307143	0.000799	0.351104	0.328546	0.000057	0.000459	0.000090
0.000614	0.001467	0.003152	0.009139	0.272237	0.001076	0.344060	0.367188	0.000142	0.000732	0.000192
0.000366	0.001034	0.001597	0.004304	0.269360	0.000534	0.351450	0.370918	0.000051	0.000294	0.000093
0.000226	0.000717	0.000819	0.002840	0.284602	0.000274	0.353560	0.356746	0.000020	0.000142	0.000052
0.000338	0.001139	0.001617	0.005173	0.251861	0.000466	0.357258	0.379442	0.001698	0.000943	0.000065
0.000293	0.000820	0.000899	0.002518	0.200638	0.000305	0.331832	0.459965	0.001586	0.001142	0.000000
0.000099	0.000427	0.000362	0.000978	0.199506	0.000092	0.331642	0.466874	0.000001	0.000017	0.000004
0.000263	0.000668	0.000785	0.002064	0.228840	0.000286	0.333752	0.431970	0.000859	0.000500	0.000014
0.000228	0.000768	0.000901	0.002769	0.239520	0.000254	0.339398	0.414624	0.001008	0.000523	0.000008
0.000037	0.000223	0.000154	0.000388	0.147716	0.000031	0.320105	0.531333	0.000001	0.000013	0.000001
0.000118	0.000458	0.000403	0.001072	0.193304	0.000112	0.330256	0.474169	0.000007	0.000096	0.000005
0.000119	0.000484	0.000430	0.001501	0.262654	0.000117	0.340412	0.394156	0.000005	0.000120	0.000003
0.000138	0.000566	0.000448	0.001553	0.202156	0.000122	0.333694	0.460037	0.000822	0.000443	0.000022
0.000003	0.000001	0.000290	0.004888	0.233817	0.000034	0.336410	0.422255	0.001442	0.000860	0.000000
0.000059	0.000245	0.000209	0.000494	0.211307	0.000053	0.333868	0.453397	0.000270	0.000096	0.000002
0.000173	0.000610	0.000680	0.001973	0.250999	0.000191	0.339841	0.405490	0.000002	0.000037	0.000005
0.000337	0.000808	0.001137	0.002927	0.236529	0.000431	0.343487	0.412409	0.001200	0.000715	0.000021
0.000181	0.000605	0.000687	0.002041	0.232086	0.000207	0.349656	0.413255	0.000860	0.000414	0.000008
0.000658	0.001430	0.003106	0.007176	0.256316	0.000922	0.312890	0.411193	0.003907	0.002194	0.000208
0.000186	0.000482	0.000685	0.001166	0.254078	0.000207	0.298348	0.443865	0.000600	0.000334	0.000050
0.000082	0.000554	0.001149	0.002260	0.285698	0.000113	0.320483	0.388777	0.000622	0.000256	0.000006
0.000106	0.000359	0.000556	0.001086	0.259077	0.000134	0.323333	0.414650	0.000439	0.000242	0.000020
0.000375	0.001078	0.005142	0.013190	0.317676	0.000748	0.340379	0.318511	0.001739	0.001083	0.000079
0.000092	0.000447	0.000818	0.001632	0.293258	0.000124	0.328314	0.375284	0.000001	0.000029	0.000000
0.000285	0.001219	0.003024	0.005983	0.326661	0.000435	0.348109	0.314154	0.000007	0.000122	0.000000
0.000078	0.000318	0.000446	0.000859	0.287184	0.000093	0.329182	0.381336	0.000350	0.000154	0.000000
0.000176	0.000654	0.001207	0.002516	0.295176	0.000241	0.334769	0.364168	0.000729	0.000357	0.000007
0.000388	0.001038	0.002357	0.005211	0.300584	0.000622	0.335867	0.351536	0.001423	0.000961	0.000014
0.000347	0.001303	0.003275	0.006933	0.301392	0.000517	0.326691	0.359144	0.000000	0.000184	0.000213
0.000596	0.001888	0.004852	0.010717	0.289051	0.001009	0.327290	0.362271	0.000008	0.002003	0.000315
0.000325	0.001020	0.002926	0.007238	0.299957	0.000559	0.330215	0.356243	0.000013	0.001325	0.000180
0.000588	0.002021	0.005261	0.011393	0.281028	0.000891	0.315561	0.382609	0.000035	0.000260	0.000353
0.000199	0.000614	0.001071	0.002265	0.269716	0.000260	0.319688	0.405991	0.000011	0.000075	0.000108
0.000276	0.000803	0.001958	0.004345	0.283650	0.000431	0.328647	0.378404	0.000941	0.000544	0.000000
0.000053	0.000217	0.000191	0.000522	0.292686	0.000050	0.335711	0.370246	0.000215	0.000086	0.000022
0.000232	0.000704	0.000751	0.002598	0.255150	0.000257	0.350056	0.389235	0.000702	0.000263	0.000054
0.000298	0.000699	0.000913	0.002794	0.272536	0.000377	0.345219	0.376106	0.000704	0.000354	0.000000
0.000325	0.000893	0.001492	0.006024	0.267383	0.000490	0.347055	0.374418	0.001348	0.000571	0.000000
0.000289	0.000684	0.000928	0.003215	0.229662	0.000357	0.339217	0.424357	0.000888	0.000403	0.000000
0.000491	0.001062	0.001830	0.005396	0.225811	0.000849	0.339109	0.423104	0.001392	0.000914	0.000041
0.000144	0.000626	0.000913	0.002771	0.345308	0.000334	0.372063	0.276850	0.000633	0.000356	0.000002
0.000188	0.000468	0.000485	0.001440	0.253930	0.000199	0.343544	0.399070	0.000466	0.000202	0.000008
0.000520	0.001296	0.001869	0.006212	0.274758	0.000710	0.348729	0.363833	0.001274	0.000650	0.000150
0.000129	0.000450	0.000413	0.001477	0.269100	0.000130	0.353420	0.374260	0.000460	0.000136	0.000026
0.000226	0.000680	0.000815	0.002855	0.275062	0.000277	0.351766	0.366800	0.000691	0.000828	0.000000
0.000231	0.000706	0.000824	0.002864	0.267281	0.000318	0.352911	0.373225	0.000744	0.000845	0.000051
0.000200	0.000759	0.000721	0.002603	0.256552	0.000286	0.343419	0.393750	0.000817	0.000839	0.000054
0.000282	0.001044	0.000994	0.003332	0.244929	0.000415	0.323909	0.424330	0.000012	0.000643	0.000112
0.000216	0.000545	0.000610	0.001878	0.254398	0.000245	0.344598	0.396335	0.000551	0.000615	0.000009
0.000156	0.000526	0.000476	0.001683	0.234188	0.000153	0.348333	0.413462	0.000541	0.000483	0.000000
0.000286	0.000879	0.001206	0.004374	0.299053	0.000404	0.355126	0.336545	0.000893	0.001234	0.000000
0.000171	0.000404	0.000434	0.001275	0.230716	0.000183	0.339539	0.426639	0.000405	0.000178	0.000055
0.000182	0.000494	0.000619	0.002107	0.248472	0.000224	0.347099	0.400099	0.000494	0.000201	0.000009
0.000171	0.000504	0.000809	0.003066	0.288941	0.000262	0.358351	0.347006	0.000496	0.000389	0.000005
0.000308	0.000737	0.001534	0.005366	0.302871	0.000557	0.358706	0.329598	0.000014	0.000309	0.000000
0.000217	0.000556	0.000655	0.002163	0.245762	0.000251	0.344770	0.405490	0.000013	0.000058	0.000065
0.000115	0.000545	0.000443	0.002488	0.311546	0.000282	0.333327	0.351106	0.000004	0.000074	0.000070
0.000099	0.000445	0.000389	0.002441	0.311990	0.000235	0.333588	0.350694	0.000003	0.000060	0.000057
0.000095	0.000381	0.000283	0.001246	0.261411	0.000153	0.309509	0.426830	0.000004	0.000039	0.000048
0.000000	0.000000	0.000016	0.000665	0.269281	0.000008	0.313079	0.416629	0.000247	0.000074	0.000000
0.000001	0.000000	0.000121	0.001059	0.240489	0.000022	0.344010	0.413908	0.000310	0.000080	0.000000
0.000037	0.000318	0.000153	0.000488	0.421086	0.000063	0.393996	0.183840	0.000001	0.000014	0.000003
0.000145	0.000453	0.000284	0.000577	0.376358	0.000180	0.384361	0.236767	0.000549	0.000302	0.000025
0.000062	0.000272	0.000145	0.000382	0.395873	0.000078	0.400606	0.202113	0.000325	0.000144	0.000000
0.000054	0.000244	0.000126	0.000347	0.404039	0.000064	0.394930	0.199829	0.000255	0.000111	0.000000
0.000049	0.000214	0.000110	0.000299	0.423117	0.000055	0.379930	0.195878	0.000242	0.000106	0.000000
0.000088	0.000392	0.000188	0.000614	0.412898	0.000083	0.393872	0.191284	0.000419	0.000161	0.000000
0.000050	0.000178	0.000099	0.000257	0.426961	0.000053	0.385783	0.186354	0.000178	0.000086	0.000001
0.000059	0.000256	0.000123	0.000348	0.429819	0.000056	0.374283	0.194663	0.000287	0.000106	0.000000
0.000077	0.000327	0.000175	0.000470	0.411731	0.000091	0.387717	0.198841	0.000389	0.000171	0.000009
0.000122	0.000365	0.000210	0.000504	0.401499	0.000118	0.380234	0.216253	0.000441	0.000195	0.000060
0.000072	0.000380	0.000208	0.000507	0.417724	0.000103	0.390435	0.190474	0.000000	0.000056	0.000042
0.000382	0.001639	0.001048	0.002644	0.364492	0.000589	0.384941	0.243394	0.000000	0.000603	0.000269
0.000088	0.000662	0.000325	0.000860	0.362565	0.000143	0.395349	0.239829	0.000000	0.000134	0.000045
0.000061	0.000388	0.000205	0.000460	0.368459	0.000100	0.395749	0.234450	0.000000	0.000091	0.000037
0.000137	0.000533	0.000303	0.000595	0.393445	0.000173	0.377475	0.226527	0.000559	0.000169	0.000084
0.000224	0.000670	0.000400	0.000714	0.376889	0.000246	0.380457	0.239431	0.000662	0.000170	0.000138
0.000135	0.000658	0.000353	0.000749	0.378584	0.000179	0.381262	0.237836	0.000000	0.000171	0.000073
0.000073	0.000399	0.000219	0.000507	0.369868	0.000111	0.395743	0.232974	0.000000	0.000063	0.000044
0.000122	0.000650	0.000329	0.000773	0.372853	0.000145	0.388466	0.236548	0.000000	0.000051	0.000062
0.000137	0.000798	0.000422	0.001175	0.364549	0.000195	0.394268	0.238282	0.000002	0.000103	0.000070
0.000053	0.000333	0.000175	0.000426	0.368617	0.000083	0.396806	0.233428	0.000002	0.000044	0.000033
0.000106	0.000569	0.000293	0.000769	0.377125	0.000131	0.384043	0.236851	0.000003	0.000055	0.000055
0.000249	0.000881	0.000569	0.001236	0.372657	0.000336	0.376529	0.247136	0.000017	0.000207	0.000183
0.000078	0.000256	0.000142	0.000266	0.377184	0.000084	0.389543	0.231966	0.000356	0.000081	0.000044
0.000292	0.000987	0.000566	0.001371	0.384345	0.000300	0.370411	0.240680	0.000649	0.000251	0.000147
0.000086	0.000269	0.000166	0.000365	0.398824	0.000101	0.381382	0.218338	0.000317	0.000096	0.000056
0.000205	0.001006	0.000577	0.001350	0.371310	0.000293	0.385292	0.239690	0.000000	0.000145	0.000132
0.000082	0.000444	0.000244	0.000572	0.391872	0.000123	0.377264	0.229265	0.000009	0.000071	0.000053
0.000158	0.000420	0.000275	0.000411	0.377318	0.000186	0.371133	0.249541	0.000284	0.000160	0.000115
0.000084	0.000423	0.000227	0.000509	0.369888	0.000115	0.395229	0.233402	0.000010	0.000067	0.000047
0.000464	0.001319	0.000822	0.001492	0.372929	0.000516	0.376339	0.244596	0.000794	0.000436	0.000292
0.000045	0.000224	0.000111	0.000317	0.437647	0.000053	0.374447	0.186839	0.000249	0.000048	0.000021
0.000282	0.000788	0.000508	0.000960	0.379676	0.000332	0.375709	0.239937	0.001266	0.000349	0.000193
0.000231	0.000776	0.000461	0.000973	0.374400	0.000272	0.383167	0.238794	0.000563	0.000223	0.000140
0.000120	0.000722	0.000392	0.000921	0.375716	0.000194	0.386154	0.235613	0.000000	0.000095	0.000073
0.000287	0.001272	0.000766	0.001819	0.371897	0.000415	0.380148	0.243013	0.000001	0.000200	0.000183
0.000061	0.000389	0.000202	0.000467	0.370574	0.000095	0.393970	0.234159	0.000000	0.000047	0.000037
0.000059	0.000224	0.000120	0.000290	0.402254	0.000065	0.385924	0.210704	0.000266	0.000086	0.000008
0.000069	0.000361	0.000193	0.000539	0.423097	0.000098	0.389967	0.185140	0.000416	0.000120	0.000000
0.000048	0.000219	0.000118	0.000288	0.417185	0.000063	0.382264	0.199481	0.000257	0.000077	0.000000
0.000087	0.000290	0.000162	0.000394	0.402789	0.000088	0.378236	0.217519	0.000340	0.000095	0.000000
0.000047	0.000239	0.000118	0.000329	0.409994	0.000057	0.389061	0.199828	0.000272	0.000056	0.000000
0.000038	0.000195	0.000096	0.000258	0.415071	0.000047	0.383013	0.201035	0.000216	0.000031	0.000000
0.000131	0.000576	0.000352	0.000783	0.371762	0.000197	0.388709	0.237352	0.000004	0.000133	0.000000
0.001693	0.000697	0.000633	0.000453	0.347598	0.000872	0.366558	0.222497	0.056758	0.001175	0.001065
0.008581	0.000509	0.001451	0.000369	0.291401	0.003747	0.295783	0.162199	0.222839	0.006386	0.006733
0.005754	0.001817	0.002050	0.000611	0.274037	0.002962	0.270879	0.160702	0.273939	0.003820	0.003429
0.007081	0.000192	0.001209	0.001103	0.236798	0.002978	0.246860	0.151453	0.342335	0.004880	0.005112
0.000189	0.000567	0.000311	0.000543	0.378320	0.000182	0.378757	0.240479	0.000424	0.000128	0.000098
0.000179	0.000659	0.000374	0.000743	0.382737	0.000214	0.379763	0.234534	0.000532	0.000159	0.000106
0.000260	0.000708	0.000468	0.000742	0.375548	0.000315	0.377712	0.243245	0.000545	0.000263	0.000193
0.000089	0.000371	0.000188	0.000383	0.375343	0.000100	0.390325	0.232752	0.000334	0.000071	0.000046
0.000389	0.001201	0.000733	0.001494	0.367873	0.000447	0.386444	0.239568	0.001252	0.000359	0.000241
0.000282	0.001027	0.000615	0.001413	0.346719	0.000363	0.408113	0.239963	0.001050	0.000271	0.000183
0.000221	0.000574	0.000349	0.000546	0.377855	0.000227	0.370580	0.248773	0.000586	0.000154	0.000135
0.000125	0.000513	0.000285	0.000575	0.379434	0.000160	0.385408	0.232905	0.000412	0.000108	0.000076
0.000339	0.001108	0.000672	0.001376	0.380682	0.000402	0.374497	0.239514	0.000922	0.000276	0.000211
0.000081	0.000244	0.000139	0.000325	0.396291	0.000077	0.375220	0.227245	0.000285	0.000054	0.000040
0.000088	0.000393	0.000609	0.011598	0.364408	0.000250	0.371741	0.250209	0.000358	0.000296	0.000049
0.000095	0.000309	0.000733	0.007053	0.369381	0.000269	0.361603	0.260026	0.000251	0.000264	0.000016
0.000059	0.000244	0.000128	0.000316	0.421476	0.000066	0.380171	0.197157	0.000331	0.000046	0.000007
0.000035	0.000196	0.000096	0.000295	0.453913	0.000045	0.397535	0.147622	0.000213	0.000032	0.000017
0.000057	0.000254	0.000133	0.000348	0.408705	0.000068	0.386398	0.203670	0.000288	0.000049	0.000031
0.000307	0.000943	0.000571	0.001103	0.373731	0.000347	0.382971	0.238478	0.001081	0.000276	0.000193
0.000056	0.000252	0.000131	0.000346	0.398052	0.000067	0.395547	0.205175	0.000295	0.000050	0.000030
0.000063	0.000286	0.000153	0.000410	0.430931	0.000079	0.376413	0.191246	0.000331	0.000054	0.000034
0.000207	0.000600	0.000374	0.000844	0.415343	0.000230	0.378919	0.202301	0.000877	0.000180	0.000126
0.000022	0.000092	0.000047	0.000120	0.426475	0.000024	0.383788	0.189304	0.000102	0.000016	0.000011
0.000045	0.000234	0.000123	0.000376	0.443986	0.000062	0.404244	0.150558	0.000235	0.000114	0.000025
0.000003	0.000000	0.000020	0.000636	0.420888	0.000007	0.378452	0.199536	0.000364	0.000092	0.000001
0.000005	0.000000	0.000010	0.000625	0.378677	0.000006	0.382396	0.237779	0.000390	0.000110	0.000003
0.000602	0.000430	0.000354	0.000524	0.377276	0.000380	0.373201	0.219083	0.023659	0.004105	0.000384
0.000101	0.000334	0.000196	0.000496	0.396612	0.000111	0.391051	0.210534	0.000340	0.000169	0.000056
0.000074	0.000341	0.000179	0.000528	0.424199	0.000088	0.381572	0.192473	0.000356	0.000153	0.000036
0.000043	0.000211	0.000095	0.000296	0.406922	0.000041	0.387128	0.204951	0.000218	0.000080	0.000015
0.000141	0.000535	0.000317	0.000725	0.374398	0.000172	0.380574	0.243007	0.000006	0.000046	0.000079
0.000162	0.000762	0.000441	0.001110	0.373517	0.000229	0.383591	0.240035	0.000003	0.000056	0.000096
0.000123	0.000512	0.000287	0.000687	0.377913	0.000147	0.375828	0.244391	0.000004	0.000044	0.000064
0.024128	0.007051	0.009052	0.006066	0.185637	0.014225	0.202186	0.135381	0.280525	0.115644	0.020106
0.004295	0.000226	0.000800	0.000131	0.355590	0.002348	0.348182	0.144897	0.104879	0.035226	0.003426
0.001434	0.000042	0.000182	0.000113	0.441700	0.000568	0.355149	0.110981	0.068457	0.020294	0.001080
0.003752	0.000139	0.000482	0.000168	0.303278	0.001506	0.310682	0.187945	0.144608	0.044579	0.002861
0.012398	0.001073	0.003009	0.000506	0.249299	0.007560	0.248727	0.154244	0.228505	0.083586	0.011094
0.027706	0.004511	0.008075	0.001099	0.218335	0.016173	0.222112	0.139253	0.229520	0.107134	0.026081
0.003998	0.000249	0.000835	0.000144	0.330560	0.002245	0.341835	0.197160	0.091929	0.027675	0.003370
0.005588	0.000494	0.001308	0.000069	0.331448	0.003111	0.358962	0.198917	0.080629	0.014584	0.004890
0.006144	0.000254	0.001139	0.000143	0.289996	0.003323	0.310473	0.179130	0.151139	0.053079	0.005180
0.008431	0.000668	0.001656	0.000253	0.294775	0.004219	0.302712	0.178282	0.147322	0.054464	0.007217
0.004085	0.000178	0.000554	0.000075	0.302450	0.001734	0.330744	0.197624	0.120769	0.038683	0.003105
0.006944	0.000441	0.001370	0.000848	0.274882	0.003552	0.272941	0.170983	0.196492	0.065733	0.005814
0.018669	0.002000	0.004253	0.002984	0.224585	0.009426	0.243855	0.136345	0.248572	0.094177	0.015133
0.001906	0.000513	0.000651	0.000476	0.365439	0.001049	0.343047	0.183207	0.079923	0.023789	0.000001
0.000041	0.000240	0.000129	0.000321	0.410425	0.000063	0.383548	0.205221	0.000000	0.000013	0.000000
0.000063	0.000451	0.000243	0.000733	0.399587	0.000113	0.402513	0.196147	0.000000	0.000144	0.000006
0.000051	0.000321	0.000156	0.000487	0.408222	0.000065	0.394163	0.196506	0.000006	0.000017	0.000006
0.000057	0.000266	0.000139	0.000384	0.403018	0.000070	0.396405	0.199362	0.000195	0.000099	0.000006
0.000131	0.000383	0.000203	0.000424	0.378684	0.000109	0.370741	0.248911	0.000260	0.000124	0.000031
0.000025	0.000223	0.000101	0.000324	0.395096	0.000039	0.404133	0.200036	0.000002	0.000020	0.000002
0.000246	0.000383	0.000246	0.000504	0.408184	0.000194	0.373433	0.210729	0.004748	0.001281	0.000052
0.000417	0.000554	0.000391	0.000721	0.403816	0.000341	0.379102	0.205548	0.006962	0.002057	0.000091
0.000915	0.000876	0.000642	0.000826	0.365335	0.000614	0.377905	0.231536	0.016304	0.004872	0.000176
0.000024	0.000000	0.000010	0.000472	0.409828	0.000012	0.394747	0.190648	0.003455	0.000803	0.000000
0.000063	0.000002	0.000033	0.000779	0.409484	0.000046	0.385300	0.197743	0.005160	0.001392	0.000000
0.000157	0.000412	0.000213	0.000702	0.402978	0.000123	0.394844	0.194739	0.004593	0.001239	0.000000
0.000154	0.000714	0.000371	0.001009	0.377779	0.000168	0.379459	0.240188	0.000026	0.000067	0.000064
0.000214	0.001076	0.000627	0.001695	0.365151	0.000326	0.390937	0.239665	0.000038	0.000139	0.000133
0.000076	0.000535	0.000258	0.000770	0.371148	0.000111	0.391029	0.235990	0.000009	0.000039	0.000035
0.000062	0.000395	0.000188	0.000593	0.419913	0.000075	0.387722	0.191009	0.000000	0.000019	0.000025
0.008914	0.002234	0.003152	0.001298	0.262852	0.005799	0.255204	0.150568	0.229962	0.073031	0.006986
0.000992	0.000024	0.000158	0.000346	0.369952	0.000497	0.387765	0.175402	0.051018	0.013845	0.000000
0.000048	0.000001	0.000023	0.000467	0.405750	0.000034	0.377326	0.210600	0.004530	0.001221	0.000001
0.000001	0.000000	0.000004	0.000286	0.415829	0.000002	0.385671	0.198077	0.000099	0.000031	0.000000
0.000017	0.000115	0.000048	0.000160	0.467714	0.000019	0.384479	0.147344	0.000074	0.000028	0.000001
0.000043	0.000194	0.000095	0.000258	0.403321	0.000047	0.391273	0.204447	0.000228	0.000090	0.000004
0.000091	0.000413	0.000224	0.000609	0.414515	0.000118	0.392175	0.191152	0.000475	0.000217	0.000010
0.000050	0.000243	0.000127	0.000351	0.392791	0.000065	0.404196	0.201887	0.000185	0.000100	0.000005
0.000060	0.000327	0.000185	0.000489	0.406811	0.000095	0.391478	0.200503	0.000008	0.000036	0.000008
0.000282	0.000915	0.000576	0.001221	0.369883	0.000332	0.384113	0.242355	0.000081	0.000171	0.000071
0.000032	0.000332	0.000152	0.000529	0.385539	0.000059	0.416864	0.196468	0.000003	0.000020	0.000002
0.000083	0.000388	0.000212	0.000594	0.428565	0.000101	0.371502	0.198492	0.000013	0.000036	0.000013
0.000043	0.000248	0.000122	0.000359	0.441889	0.000053	0.371045	0.186214	0.000005	0.000017	0.000005
0.000027	0.000128	0.000062	0.000176	0.396898	0.000024	0.381969	0.220700	0.000004	0.000007	0.000004
0.000043	0.000245	0.000119	0.000347	0.414278	0.000048	0.382391	0.202503	0.000005	0.000014	0.000005
0.000041	0.000292	0.000147	0.000444	0.397424	0.000066	0.403859	0.197678	0.000007	0.000021	0.000022
0.000121	0.000511	0.000249	0.000693	0.373524	0.000116	0.388548	0.235628	0.000383	0.000178	0.000049
0.000179	0.000789	0.000455	0.001136	0.373931	0.000239	0.382619	0.240418	0.000031	0.000100	0.000103
0.000156	0.000608	0.000349	0.000840	0.373535	0.000194	0.380947	0.243174	0.000031	0.000074	0.000092
0.000109	0.000533	0.000289	0.000639	0.388151	0.000148	0.374435	0.235598	0.000000	0.000036	0.000062
0.000073	0.000445	0.000229	0.000526	0.368119	0.000108	0.396263	0.234165	0.000000	0.000029	0.000041
0.000170	0.000875	0.000473	0.001178	0.374857	0.000228	0.383154	0.238909	0.000001	0.000062	0.000093
0.002894	0.001116	0.001404	0.001403	0.309441	0.001992	0.308847	0.184088	0.144977	0.042009	0.001830
0.013109	0.002440	0.003816	0.001153	0.146260	0.007895	0.148054	0.094349	0.436509	0.137057	0.009358
0.000946	0.000656	0.000569	0.001228	0.424977	0.000596	0.382468	0.151145	0.028887	0.008397	0.000132
0.002152	0.000771	0.000871	0.000902	0.381670	0.001401	0.346050	0.170296	0.074041	0.021333	0.000511
0.003319	0.001163	0.001177	0.001308	0.360594	0.001683	0.344217	0.173963	0.085362	0.026393	0.000820
0.000192	0.000208	0.000154	0.000343	0.460123	0.000149	0.382625	0.142652	0.010851	0.002684	0.000019
0.003872	0.001200	0.001559	0.001290	0.325343	0.002566	0.301760	0.170196	0.145514	0.044132	0.002566
0.006191	0.002470	0.002681	0.003093	0.270428	0.003510	0.276087	0.176747	0.195727	0.059019	0.004048
0.000116	0.000588	0.000321	0.000650	0.375474	0.000165	0.386568	0.236011	0.000000	0.000035	0.000071
0.000182	0.000807	0.000453	0.000917	0.377473	0.000239	0.379398	0.240370	0.000000	0.000051	0.000109
0.000120	0.000536	0.000297	0.000722	0.378772	0.000148	0.377000	0.242302	0.000002	0.000035	0.000065
0.016704	0.003669	0.004895	0.000112	0.136689	0.010202	0.134761	0.084230	0.448215	0.147431	0.013093
0.002753	0.000967	0.001345	0.001232	0.312088	0.001947	0.290120	0.187386	0.155363	0.044986	0.001813
0.000990	0.000563	0.000506	0.000694	0.365015	0.000594	0.368862	0.220116	0.032319	0.009689	0.000653
0.002240	0.000712	0.000749	0.000407	0.365393	0.001190	0.369414	0.194227	0.049561	0.016024	0.000083
0.000039	0.000248	0.000129	0.000401	0.467821	0.000058	0.385636	0.145651	0.000001	0.000016	0.000000
0.000019	0.000150	0.000073	0.000216	0.452053	0.000032	0.390687	0.156761	0.000000	0.000008	0.000000
0.000114	0.000334	0.000195	0.000422	0.399877	0.000116	0.381208	0.217128	0.000391	0.000190	0.000023
0.019997	0.005551	0.006838	0.001534	0.229849	0.013033	0.264516	0.175623	0.189235	0.077934	0.015891
0.000055	0.000308	0.000158	0.000456	0.412453	0.000071	0.384042	0.202412	0.000001	0.000020	0.000025
0.000049	0.000258	0.000149	0.000354	0.401785	0.000078	0.393780	0.203492	0.000000	0.000021	0.000033
0.000665	0.000754	0.000604	0.001377	0.387036	0.000567	0.379055	0.204451	0.019551	0.005938	0.000000
0.001234	0.000501	0.000544	0.000465	0.355898	0.000745	0.358730	0.225847	0.043120	0.012915	0.000000
0.003011	0.001977	0.002004	0.003548	0.331041	0.002239	0.320882	0.215049	0.093224	0.027021	0.000003
0.004352	0.002285	0.002430	0.002590	0.310493	0.003152	0.325742	0.205357	0.108623	0.034250	0.000726
0.001012	0.000658	0.000614	0.000870	0.368377	0.000744	0.368692	0.218679	0.031065	0.009290	0.000001
0.002214	0.000607	0.000564	0.000506	0.324979	0.000908	0.344606	0.218669	0.084660	0.022286	0.000001
0.024581	0.005516	0.008389	0.001643	0.137305	0.014547	0.150179	0.092541	0.420496	0.144791	0.000012
0.002567	0.000824	0.000928	0.000871	0.320929	0.001369	0.325999	0.214233	0.102982	0.029297	0.000001
0.010941	0.004245	0.005090	0.004538	0.218609	0.007728	0.218592	0.155015	0.286065	0.089166	0.000011
0.005853	0.002300	0.002430	0.003673	0.252838	0.003062	0.245708	0.175427	0.241512	0.067190	0.000004
0.002841	0.000766	0.000998	0.000652	0.293682	0.001585	0.343756	0.218492	0.105381	0.031847	0.000001
0.001283	0.000607	0.000551	0.000837	0.353928	0.000690	0.355865	0.214245	0.056373	0.015622	0.000001
0.000784	0.000476	0.000363	0.000437	0.375944	0.000414	0.368642	0.218318	0.033955	0.000536	0.000131
0.001230	0.000740	0.000588	0.000662	0.361758	0.000681	0.374428	0.218004	0.041043	0.000866	0.000001
0.000536	0.000014	0.000114	0.000589	0.372662	0.000231	0.365261	0.220574	0.039578	0.000440	0.000000
0.005625	0.001874	0.001824	0.000672	0.315921	0.002902	0.337111	0.214080	0.115646	0.004342	0.000003
0.000074	0.000139	0.000081	0.000188	0.488497	0.000058	0.378976	0.127234	0.004693	0.000054	0.000006
0.000670	0.000258	0.000244	0.000185	0.368820	0.000342	0.404549	0.194558	0.029877	0.000437	0.000059
0.000551	0.000013	0.000089	0.000286	0.410577	0.000228	0.380223	0.172714	0.034857	0.000376	0.000086
0.001481	0.000439	0.000509	0.000218	0.333305	0.000789	0.369549	0.230223	0.062284	0.000999	0.000204
0.001076	0.000674	0.000554	0.000708	0.416515	0.000622	0.364845	0.180392	0.033525	0.000808	0.000283
0.000196	0.000221	0.000152	0.000279	0.463956	0.000135	0.376181	0.148704	0.010012	0.000138	0.000026
0.000694	0.000644	0.000440	0.000763	0.391441	0.000406	0.369843	0.209781	0.025377	0.000494	0.000119
0.000543	0.000012	0.000111	0.000547	0.371685	0.000229	0.362109	0.220020	0.044196	0.000441	0.000107
0.002828	0.001253	0.001211	0.000763	0.341512	0.001638	0.359459	0.218995	0.069669	0.002035	0.000636
0.000879	0.000499	0.000457	0.000436	0.373871	0.000549	0.360065	0.224139	0.038277	0.000643	0.000185
0.001292	0.000925	0.000793	0.000918	0.357473	0.000867	0.383728	0.215907	0.036970	0.000956	0.000172
0.000842	0.000842	0.000631	0.001070	0.389210	0.000590	0.373333	0.206996	0.025724	0.000621	0.000139
0.001297	0.000763	0.000563	0.000722	0.367145	0.000696	0.356910	0.225324	0.045329	0.000934	0.000318
0.000963	0.000707	0.000531	0.000769	0.377074	0.000579	0.357789	0.224387	0.036208	0.000768	0.000226
0.000314	0.000006	0.000021	0.000196	0.367887	0.000102	0.380186	0.228846	0.022234	0.000207	0.000000
0.007880	0.001920	0.001549	0.000476	0.288561	0.003634	0.311097	0.206055	0.174408	0.004422	0.000000
0.001551	0.000721	0.000550	0.000594	0.358494	0.000816	0.357587	0.220510	0.057108	0.001075	0.000993
0.000337	0.000310	0.000214	0.000329	0.382193	0.000213	0.384377	0.217145	0.014611	0.000233	0.000040
0.001082	0.001019	0.000750	0.001189	0.382303	0.000692	0.367080	0.221839	0.022959	0.000797	0.000290
0.000509	0.000784	0.000558	0.001198	0.405425	0.000372	0.363734	0.214405	0.012557	0.000344	0.000114
0.000012	0.000089	0.000059	0.000117	0.427686	0.000023	0.391584	0.180417	0.000000	0.000011	0.000001
0.000110	0.000384	0.000249	0.000502	0.424440	0.000122	0.375172	0.198464	0.000488	0.000069	0.000000
0.000035	0.000173	0.000098	0.000244	0.448439	0.000038	0.390436	0.160325	0.000193	0.000018	0.000000
0.000095	0.000359	0.000203	0.000506	0.406966	0.000086	0.383839	0.207474	0.000417	0.000043	0.000014
0.000135	0.000496	0.000374	0.000753	0.422486	0.000192	0.376286	0.198516	0.000555	0.000129	0.000079
0.000139	0.000476	0.000370	0.000691	0.412413	0.000199	0.379878	0.205068	0.000536	0.000142	0.000087
0.000058	0.000206	0.000126	0.000278	0.395644	0.000059	0.386778	0.216555	0.000239	0.000056	0.000000
0.000034	0.000135	0.000093	0.000175	0.389302	0.000020	0.393459	0.216611	0.000149	0.000022	0.000000
0.000257	0.000838	0.000594	0.001047	0.372938	0.000161	0.384792	0.237959	0.001178	0.000195	0.000041
0.000051	0.000203	0.000125	0.000287	0.448493	0.000025	0.374457	0.176133	0.000187	0.000031	0.000008
0.000510	0.001185	0.000849	0.001493	0.370062	0.000321	0.374813	0.248568	0.001651	0.000407	0.000140
0.000338	0.000768	0.000546	0.000893	0.372694	0.000214	0.370426	0.252482	0.001238	0.000307	0.000094
0.000153	0.000640	0.000407	0.000837	0.376099	0.000084	0.374919	0.246781	0.000003	0.000044	0.000033
0.003750	0.001620	0.001481	0.001384	0.333894	0.002927	0.341041	0.216321	0.085893	0.009004	0.002684
0.001778	0.000075	0.000409	0.000980	0.333817	0.001406	0.335983	0.223135	0.087649	0.013892	0.000877
0.002034	0.000571	0.000505	0.000245	0.348086	0.001557	0.360093	0.227202	0.052279	0.006083	0.001346
0.000526	0.000527	0.000379	0.000714	0.391805	0.000316	0.368537	0.217411	0.017951	0.001560	0.000274
0.001221	0.000059	0.000132	0.000626	0.359445	0.000979	0.370628	0.224067	0.038567	0.003414	0.000864
0.002081	0.000045	0.000150	0.001054	0.370812	0.001620	0.331976	0.158901	0.126350	0.006978	0.000033
0.003841	0.000121	0.000212	0.000849	0.331382	0.002459	0.368530	0.173150	0.110992	0.008358	0.000106
0.000223	0.000005	0.000019	0.000260	0.419858	0.000165	0.377815	0.184404	0.016285	0.000966	0.000000
0.000510	0.000413	0.000271	0.000540	0.428867	0.000292	0.386703	0.165773	0.015165	0.001466	0.000000
0.000406	0.000301	0.000213	0.000356	0.428304	0.000265	0.379097	0.175021	0.014849	0.001188	0.000000
0.000543	0.000456	0.000343	0.000523	0.386339	0.000327	0.372261	0.218337	0.019369	0.001501	0.000000
0.000537	0.000399	0.000290	0.000473	0.381900	0.000281	0.362584	0.228939	0.022092	0.002504	0.000000
0.001461	0.000966	0.000750	0.001095	0.366276	0.000777	0.358549	0.229336	0.035342	0.005447	0.000001
0.000634	0.000511	0.000364	0.000619	0.383777	0.000331	0.366094	0.223303	0.021786	0.002251	0.000328
0.000409	0.000409	0.000292	0.000494	0.393862	0.000250	0.375615	0.211989	0.015451	0.000980	0.000248
0.000044	0.000180	0.000079	0.000242	0.402967	0.000023	0.378939	0.217298	0.000173	0.000032	0.000021
0.000187	0.000757	0.000375	0.001097	0.376807	0.000108	0.370445	0.250066	0.000005	0.000056	0.000098
0.000071	0.000336	0.000142	0.000503	0.419141	0.000036	0.383390	0.195973	0.000326	0.000052	0.000032
0.000002	0.000000	0.000024	0.000530	0.403179	0.000001	0.370515	0.225412	0.000296	0.000038	0.000001
0.000050	0.000211	0.000093	0.000286	0.411702	0.000028	0.377950	0.209367	0.000248	0.000038	0.000026
0.000128	0.000385	0.000199	0.000563	0.402281	0.000070	0.366055	0.229698	0.000461	0.000091	0.000069
0.000082	0.000356	0.000207	0.000445	0.385716	0.000114	0.370887	0.242072	0.000002	0.000065	0.000053
0.000134	0.000453	0.000236	0.000603	0.395669	0.000121	0.371932	0.229945	0.000697	0.000154	0.000056
0.000395	0.001093	0.000719	0.001521	0.378313	0.000464	0.372070	0.243150	0.001529	0.000481	0.000266
0.000055	0.000383	0.000199	0.000514	0.352890	0.000092	0.413021	0.232739	0.000000	0.000074	0.000032
0.000029	0.000211	0.000103	0.000308	0.390921	0.000044	0.402879	0.205473	0.000000	0.000017	0.000014
0.000038	0.000249	0.000124	0.000342	0.420552	0.000056	0.382875	0.195722	0.000000	0.000023	0.000020
0.000043	0.000270	0.000129	0.000376	0.412850	0.000055	0.385714	0.200527	0.000000	0.000017	0.000018
0.000034	0.000247	0.000115	0.000348	0.406059	0.000047	0.392284	0.200850	0.000000	0.000015	0.000000
0.000114	0.000439	0.000245	0.000639	0.411393	0.000132	0.389767	0.196606	0.000529	0.000136	0.000000
0.000014	0.000143	0.000067	0.000196	0.378439	0.000028	0.409065	0.212035	0.000000	0.000013	0.000000
0.000068	0.000274	0.000164	0.000373	0.397348	0.000090	0.377463	0.224181	0.000000	0.000039	0.000000
0.000002	0.000000	0.000010	0.000366	0.427007	0.000004	0.380775	0.191477	0.000339	0.000021	0.000000
0.000175	0.000541	0.000231	0.000793	0.418771	0.000168	0.371491	0.206917	0.000638	0.000239	0.000036
0.000042	0.000208	0.000062	0.000266	0.406279	0.000043	0.388319	0.204752	0.000000	0.000022	0.000007
0.000598	0.001480	0.000706	0.001824	0.372515	0.000560	0.367156	0.252609	0.001788	0.000606	0.000158
0.000305	0.000765	0.000340	0.000691	0.374708	0.000271	0.367276	0.254797	0.000497	0.000263	0.000088
0.000104	0.000459	0.000165	0.000681	0.409778	0.000071	0.376400	0.212301	0.000000	0.000018	0.000021
0.000102	0.000450	0.000143	0.000437	0.385288	0.000062	0.373489	0.239996	0.000000	0.000014	0.000020
0.000675	0.001475	0.000891	0.002016	0.361586	0.000294	0.354841	0.275527	0.001824	0.000633	0.000238
0.000090	0.000332	0.000153	0.000446	0.397659	0.000027	0.365013	0.236273	0.000000	0.000007	0.000000
0.000035	0.000265	0.000166	0.000373	0.400559	0.000022	0.398293	0.200263	0.000000	0.000006	0.000018
0.000381	0.001347	0.001050	0.002120	0.366149	0.000281	0.366587	0.261539	0.000061	0.000223	0.000261
0.000002	0.000000	0.000014	0.000519	0.400529	0.000002	0.393321	0.205279	0.000246	0.000086	0.000001
0.000137	0.000433	0.000291	0.000494	0.384859	0.000095	0.390332	0.222745	0.000353	0.000181	0.000079
0.000049	0.000324	0.000207	0.000481	0.398506	0.000028	0.391358	0.209011	0.000001	0.000009	0.000025
0.000127	0.000712	0.000473	0.001055	0.374828	0.000077	0.376141	0.246497	0.000003	0.000019	0.000069
0.000145	0.000549	0.000371	0.000545	0.378868	0.000100	0.380677	0.238061	0.000399	0.000199	0.000087
0.000219	0.000705	0.000483	0.000841	0.373638	0.000147	0.374161	0.248568	0.000765	0.000344	0.000129
0.000288	0.000830	0.000561	0.001110	0.378841	0.000190	0.384378	0.232132	0.001057	0.000459	0.000154
0.000127	0.000513	0.000357	0.000684	0.381190	0.000084	0.385652	0.230564	0.000525	0.000229	0.000075
0.000096	0.000462	0.000348	0.000769	0.398199	0.000067	0.394432	0.204916	0.000457	0.000194	0.000061
0.000015	0.000163	0.000088	0.000221	0.396218	0.000008	0.394150	0.209125	0.000000	0.000006	0.000006
0.000045	0.000231	0.000118	0.000328	0.397331	0.000018	0.385327	0.216308	0.000230	0.000063	0.000000
0.000102	0.000473	0.000301	0.000783	0.393616	0.000050	0.377238	0.227425	0.000001	0.000010	0.000001
0.000159	0.000255	0.000576	0.006064	0.357561	0.000123	0.359042	0.268435	0.006054	0.001730	0.000001
0.000841	0.000477	0.000377	0.000446	0.379314	0.000564	0.382935	0.211366	0.017772	0.005885	0.000023
0.000052	0.000313	0.000191	0.000459	0.397636	0.000025	0.389779	0.211535	0.000001	0.000009	0.000000
0.000112	0.000540	0.000417	0.000949	0.401416	0.000198	0.400482	0.195066	0.000516	0.000294	0.000010
0.000037	0.000186	0.000110	0.000252	0.393857	0.000046	0.387293	0.218004	0.000147	0.000066	0.000004
0.000024	0.000240	0.000164	0.000356	0.399055	0.000060	0.400377	0.199708	0.000001	0.000014	0.000001
0.000447	0.000442	0.000282	0.000644	0.378323	0.000247	0.379501	0.222162	0.014133	0.003757	0.000061
0.002132	0.000519	0.000364	0.000494	0.313631	0.000601	0.312532	0.222379	0.119879	0.027469	0.000001
0.000481	0.000459	0.000312	0.000760	0.376863	0.000220	0.352308	0.242709	0.021189	0.004698	0.000000
0.000665	0.000330	0.000232	0.000354	0.356262	0.000254	0.345541	0.254963	0.036350	0.005049	0.000000
0.001096	0.000037	0.000414	0.000604	0.344173	0.000946	0.346187	0.224324	0.066562	0.015656	0.000000
0.000159	0.000003	0.000113	0.000143	0.367319	0.000163	0.343344	0.246181	0.033646	0.008926	0.000001
0.000121	0.000118	0.000074	0.000139	0.391297	0.000063	0.350673	0.245015	0.010353	0.002146	0.000001
0.000193	0.000042	0.000057	0.000055	0.373096	0.000139	0.346177	0.249245	0.025511	0.005482	0.000001
0.000336	0.000265	0.000150	0.000346	0.000328	0.000093	0.000645	0.944238	0.044582	0.009017	0.000001
0.001268	0.000557	0.000573	0.000895	0.000741	0.000614	0.001075	0.841176	0.135521	0.017573	0.000007
0.001331	0.000333	0.000429	0.000468	0.000009	0.000857	0.000006	0.833917	0.153328	0.009316	0.000007
0.000619	0.000098	0.000125	0.000115	0.353723	0.000392	0.352253	0.238087	0.051704	0.002878	0.000005
0.000346	0.000220	0.000186	0.000277	0.364276	0.000184	0.356129	0.249391	0.026583	0.002405	0.000002
0.000174	0.000099	0.000089	0.000119	0.362617	0.000103	0.355932	0.259745	0.019703	0.001418	0.000001
0.000287	0.000124	0.000117	0.000152	0.358103	0.000164	0.351829	0.262368	0.024157	0.002697	0.000002
0.000081	0.000000	0.000046	0.000225	0.348923	0.000035	0.340340	0.278355	0.026303	0.005692	0.000001
0.000337	0.000033	0.000048	0.000052	0.351109	0.000104	0.333502	0.250111	0.053898	0.010806	0.000002
0.000228	0.000134	0.000088	0.000173	0.368982	0.000073	0.347403	0.258574	0.020199	0.004145	0.000002
0.000112	0.000028	0.000027	0.000037	0.360075	0.000038	0.342407	0.271105	0.021718	0.004414	0.000038
0.000397	0.000058	0.000092	0.000085	0.372128	0.000188	0.357796	0.222132	0.034437	0.012593	0.000093
0.000777	0.000030	0.000078	0.000049	0.321025	0.000265	0.311793	0.237750	0.105745	0.022480	0.000008
0.000531	0.000028	0.000055	0.000070	0.334027	0.000146	0.318007	0.228041	0.071605	0.047485	0.000005
0.000114	0.000000	0.000048	0.000238	0.368604	0.000037	0.344648	0.251278	0.031166	0.003866	0.000001
0.000102	0.000004	0.000161	0.000964	0.363120	0.000099	0.346314	0.260543	0.023918	0.004775	0.000001
0.000398	0.000006	0.000047	0.000119	0.363657	0.000116	0.345379	0.232366	0.051983	0.005929	0.000000
0.000145	0.000451	0.000228	0.000649	0.401576	0.000084	0.369759	0.226315	0.000519	0.000245	0.000030
0.000070	0.000240	0.000102	0.000302	0.397655	0.000034	0.372180	0.229027	0.000269	0.000108	0.000013
0.000169	0.000423	0.003355	0.019715	0.389762	0.000798	0.358955	0.223065	0.000376	0.003349	0.000032
0.000086	0.000304	0.000127	0.000392	0.401292	0.000040	0.377472	0.219875	0.000331	0.000067	0.000015
0.000100	0.000357	0.000158	0.000487	0.407997	0.000050	0.372282	0.218059	0.000407	0.000084	0.000017
0.000183	0.000665	0.000351	0.000924	0.373917	0.000128	0.362281	0.261515	0.000002	0.000031	0.000002
0.000406	0.001606	0.000824	0.002072	0.368335	0.000288	0.378619	0.247721	0.000011	0.000108	0.000011
0.000216	0.000741	0.000377	0.000860	0.371835	0.000149	0.372889	0.252875	0.000005	0.000048	0.000005
0.000138	0.000703	0.000531	0.000840	0.341256	0.000215	0.363290	0.292969	0.000002	0.000054	0.000002
0.000062	0.000278	0.000178	0.000364	0.410553	0.000053	0.370125	0.218368	0.000000	0.000018	0.000000
0.005950	0.002114	0.001841	0.002522	0.296520	0.002333	0.271769	0.165153	0.216081	0.033743	0.001974
0.014882	0.003770	0.002731	0.002226	0.157052	0.005040	0.156627	0.112361	0.419139	0.120157	0.006015
0.001240	0.000676	0.000457	0.000988	0.357794	0.000443	0.345047	0.228850	0.052507	0.011667	0.000330
0.002186	0.001679	0.001507	0.003355	0.353105	0.001203	0.340250	0.229814	0.052159	0.013990	0.000754
0.002173	0.001395	0.001220	0.001460	0.335511	0.001407	0.379856	0.221511	0.051477	0.003987	0.000002
0.001394	0.000035	0.000246	0.000880	0.333879	0.000411	0.335930	0.223798	0.083999	0.019428	0.000001
0.001137	0.000744	0.000500	0.001217	0.363848	0.000394	0.347537	0.227861	0.046406	0.010355	0.000001
0.001759	0.000417	0.000412	0.000704	0.338515	0.000899	0.334554	0.220211	0.083221	0.019303	0.000004
0.000790	0.000701	0.000555	0.001325	0.364349	0.000385	0.344349	0.247134	0.032901	0.007509	0.000000
0.003929	0.001298	0.000862	0.001046	0.312509	0.001243	0.318144	0.219811	0.114173	0.026983	0.000002
0.003204	0.001027	0.000705	0.000875	0.316101	0.001020	0.318587	0.224178	0.108787	0.025512	0.000002
0.002358	0.000765	0.000482	0.000690	0.328591	0.000663	0.329753	0.226298	0.090674	0.019726	0.000001
0.000742	0.000267	0.000164	0.000260	0.386059	0.000214	0.349343	0.210153	0.046931	0.005867	0.000000
0.000121	0.000098	0.000059	0.000112	0.406485	0.000062	0.354674	0.224875	0.011203	0.002311	0.000001
0.000408	0.000110	0.000240	0.000542	0.362910	0.000325	0.353539	0.235697	0.036835	0.009389	0.000003
0.001445	0.000390	0.002341	0.005920	0.296207	0.002264	0.282811	0.224824	0.147711	0.036077	0.000007
0.000126	0.000056	0.000135	0.000621	0.378053	0.000076	0.348768	0.246584	0.018184	0.007398	0.000000
0.001035	0.000028	0.000113	0.000204	0.308855	0.000289	0.311409	0.265194	0.091119	0.021733	0.000022
0.000154	0.000003	0.000089	0.000339	0.369402	0.000093	0.359651	0.239249	0.025860	0.005158	0.000001
0.000676	0.000013	0.000297	0.000197	0.324394	0.000466	0.324658	0.234375	0.080635	0.034283	0.000005
0.000580	0.000104	0.000257	0.000375	0.339366	0.000283	0.342337	0.245911	0.053120	0.017662	0.000004
0.000012	0.000059	0.000154	0.000620	0.380543	0.000024	0.367189	0.251329	0.000000	0.000069	0.000000
0.000002	0.000012	0.000005	0.000014	0.397188	0.000001	0.387153	0.215609	0.000013	0.000003	0.000000
0.000018	0.000123	0.000041	0.000141	0.407583	0.000009	0.388504	0.203412	0.000128	0.000041	0.000000
0.000005	0.000026	0.000011	0.000028	0.385975	0.000003	0.376520	0.237397	0.000025	0.000009	0.000000
0.000007	0.000036	0.000015	0.000041	0.391277	0.000004	0.382199	0.226372	0.000036	0.000012	0.000000
0.000006	0.000046	0.000087	0.000386	0.391480	0.000008	0.384726	0.223217	0.000038	0.000006	0.000000
0.000002	0.000001	0.000075	0.000344	0.422587	0.000007	0.402054	0.174691	0.000223	0.000018	0.000000
0.000015	0.000102	0.000041	0.000121	0.419294	0.000010	0.393826	0.186580	0.000000	0.000011	0.000000
0.000009	0.000043	0.000019	0.000049	0.392610	0.000007	0.384201	0.223002	0.000048	0.000012	0.000000
0.000011	0.000088	0.000036	0.000098	0.399064	0.000008	0.392121	0.208570	0.000000	0.000004	0.000000
0.000050	0.000203	0.000104	0.000241	0.390539	0.000035	0.383887	0.224704	0.000215	0.000020	0.000000
0.000011	0.000051	0.000023	0.000058	0.399365	0.000007	0.388043	0.212386	0.000053	0.000003	0.000000
0.000006	0.000028	0.000012	0.000032	0.396532	0.000004	0.384726	0.218623	0.000035	0.000002	0.000000
0.000004	0.000017	0.000008	0.000019	0.393605	0.000003	0.384313	0.222002	0.000021	0.000008	0.000000
0.000016	0.000080	0.000145	0.000550	0.384548	0.000022	0.381505	0.233010	0.000080	0.000043	0.000000
0.000003	0.000025	0.000037	0.000151	0.381360	0.000002	0.381129	0.237248	0.000027	0.000017	0.000000
0.000018	0.000095	0.000186	0.000731	0.381793	0.000013	0.379516	0.237493	0.000090	0.000056	0.000009
0.000007	0.000035	0.000058	0.000236	0.374526	0.000005	0.368217	0.256856	0.000035	0.000020	0.000003
0.000013	0.000092	0.000167	0.000660	0.382628	0.000006	0.380485	0.235943	0.000000	0.000000	0.000007
0.000007	0.000082	0.000174	0.000846	0.376657	0.000002	0.376355	0.245875	0.000000	0.000000	0.000002
0.000007	0.000027	0.000026	0.000160	0.381659	0.000001	0.358753	0.259367	0.000000	0.000000	0.000000
0.000004	0.000035	0.000067	0.000278	0.406849	0.000004	0.381694	0.211068	0.000000	0.000000	0.000000
0.000605	0.000294	0.001872	0.001794	0.338313	0.001834	0.352392	0.244754	0.032195	0.025879	0.000069
0.000003	0.000024	0.000039	0.000151	0.402454	0.000003	0.381365	0.215959	0.000000	0.000000	0.000002
0.000011	0.000047	0.000023	0.000053	0.407300	0.000010	0.373803	0.218662	0.000050	0.000037	0.000004
0.000003	0.000018	0.000007	0.000020	0.395791	0.000003	0.390306	0.213819	0.000020	0.000012	0.000001
0.000008	0.000039	0.000016	0.000043	0.434072	0.000005	0.374911	0.190841	0.000042	0.000020	0.000003
0.000036	0.000196	0.000480	0.001774	0.372218	0.000062	0.368550	0.256592	0.000001	0.000074	0.000016
0.000013	0.000095	0.000036	0.000106	0.433866	0.000009	0.375457	0.190408	0.000000	0.000004	0.000005
0.000003	0.000018	0.000007	0.000019	0.421061	0.000002	0.368714	0.210173	0.000000	0.000001	0.000001
0.000021	0.000119	0.000050	0.000134	0.420947	0.000014	0.371847	0.206850	0.000000	0.000009	0.000008
0.000008	0.000045	0.000019	0.000049	0.435698	0.000005	0.363983	0.200191	0.000000	0.000003	0.000000
0.000005	0.000028	0.000011	0.000031	0.429177	0.000004	0.365982	0.204760	0.000000	0.000002	0.000000
0.000007	0.000052	0.000020	0.000060	0.414546	0.000005	0.379677	0.205631	0.000000	0.000002	0.000000
0.000002	0.000012	0.000005	0.000014	0.407040	0.000001	0.379589	0.213337	0.000000	0.000000	0.000000
0.000005	0.000030	0.000014	0.000034	0.417350	0.000004	0.375517	0.207043	0.000000	0.000001	0.000001
0.000128	0.000597	0.000319	0.000706	0.393893	0.000108	0.368725	0.235440	0.000012	0.000049	0.000022
0.000012	0.000071	0.000028	0.000079	0.456740	0.000008	0.364000	0.179061	0.000000	0.000001	0.000001
0.000008	0.000081	0.000029	0.000092	0.420854	0.000005	0.388917	0.190014	0.000000	0.000000	0.000000
0.000006	0.000051	0.000018	0.000057	0.427165	0.000004	0.378805	0.193895	0.000000	0.000000	0.000000
0.000008	0.000043	0.000017	0.000048	0.415852	0.000005	0.369787	0.214238	0.000000	0.000001	0.000001
0.000006	0.000024	0.000010	0.000027	0.410592	0.000003	0.364416	0.224881	0.000026	0.000013	0.000001
0.000015	0.000070	0.000031	0.000079	0.445650	0.000010	0.375378	0.178655	0.000075	0.000037	0.000002
0.000004	0.000018	0.000008	0.000020	0.406145	0.000002	0.365326	0.228476	0.000000	0.000000	0.000001
0.000005	0.000031	0.000014	0.000036	0.420416	0.000004	0.374539	0.204954	0.000000	0.000000	0.000001
0.000019	0.000135	0.000463	0.001774	0.394067	0.000040	0.370293	0.233202	0.000000	0.000005	0.000002
0.000166	0.000479	0.004466	0.016668	0.374968	0.000741	0.343754	0.254207	0.000302	0.004214	0.000036
0.000007	0.000033	0.000063	0.000242	0.405561	0.000010	0.367565	0.226447	0.000030	0.000040	0.000001
0.000004	0.000023	0.000037	0.000149	0.404084	0.000005	0.372208	0.223490	0.000000	0.000000	0.000000
0.000005	0.000032	0.000062	0.000248	0.409720	0.000008	0.368637	0.221288	0.000000	0.000001	0.000001
0.000007	0.000031	0.000071	0.000264	0.403056	0.000010	0.361164	0.235363	0.000026	0.000007	0.000001
0.000014	0.000056	0.000021	0.000062	0.434466	0.000007	0.363429	0.201865	0.000057	0.000021	0.000002
0.000007	0.000043	0.000013	0.000047	0.466434	0.000003	0.365881	0.167566	0.000000	0.000004	0.000001
0.000010	0.000051	0.000017	0.000056	0.463592	0.000004	0.362775	0.173489	0.000000	0.000006	0.000001
0.000016	0.000067	0.000024	0.000074	0.423093	0.000007	0.363146	0.213479	0.000069	0.000024	0.000002
0.000005	0.000021	0.000021	0.000136	0.396426	0.000004	0.364154	0.239210	0.000020	0.000004	0.000001
0.000012	0.000042	0.000018	0.000050	0.473132	0.000006	0.358400	0.168288	0.000042	0.000009	0.000002
0.000032	0.000128	0.000060	0.000179	0.538505	0.000019	0.347663	0.113405	0.000000	0.000003	0.000006
0.000064	0.000261	0.000130	0.000407	0.521929	0.000040	0.350887	0.126262	0.000001	0.000006	0.000012
0.000210	0.000530	0.000375	0.000945	0.487769	0.000168	0.351865	0.157240	0.000608	0.000225	0.000065
0.000000	0.000000	0.000058	0.000517	0.502650	0.000010	0.351164	0.145270	0.000269	0.000062	0.000000
0.000078	0.000257	0.000143	0.000411	0.519167	0.000052	0.350220	0.129290	0.000285	0.000079	0.000018
0.000172	0.000540	0.000345	0.001002	0.491378	0.000127	0.353157	0.152392	0.000651	0.000194	0.000040
0.000098	0.000350	0.000197	0.000610	0.504566	0.000065	0.352595	0.140877	0.000410	0.000213	0.000020
0.000052	0.000220	0.000108	0.000367	0.529515	0.000031	0.350258	0.119071	0.000254	0.000116	0.000009
0.000035	0.000167	0.000103	0.000267	0.539901	0.000024	0.348593	0.110872	0.000001	0.000032	0.000005
0.000082	0.000272	0.000159	0.000462	0.487565	0.000057	0.352252	0.159120	0.000002	0.000009	0.000019
0.000172	0.000413	0.000294	0.000691	0.504844	0.000139	0.350778	0.142574	0.000007	0.000029	0.000060
0.000322	0.000777	0.000633	0.001628	0.469439	0.000287	0.352198	0.174254	0.000019	0.000331	0.000113
0.000284	0.000782	0.000585	0.001600	0.444975	0.000241	0.352488	0.198662	0.000009	0.000289	0.000085
0.000226	0.000619	0.000463	0.001400	0.460170	0.000182	0.352892	0.181476	0.001750	0.000762	0.000060
0.000185	0.000499	0.000344	0.000912	0.503497	0.000145	0.351508	0.142091	0.000568	0.000198	0.000053
0.000043	0.000157	0.000076	0.000221	0.514771	0.000025	0.350168	0.134318	0.000171	0.000042	0.000009
0.000058	0.000230	0.000115	0.000372	0.520430	0.000036	0.350977	0.127387	0.000263	0.000123	0.000010
0.000133	0.000353	0.000250	0.000656	0.497691	0.000106	0.351268	0.149474	0.000006	0.000021	0.000042
0.000095	0.000332	0.000191	0.000571	0.471314	0.000065	0.353237	0.174164	0.000002	0.000009	0.000021
0.000124	0.000429	0.000273	0.000850	0.491016	0.000093	0.353393	0.153658	0.000005	0.000130	0.000029
0.000131	0.000408	0.000236	0.000606	0.476182	0.000093	0.352342	0.169948	0.000003	0.000016	0.000034
0.000092	0.000319	0.000170	0.000465	0.473564	0.000061	0.352607	0.172690	0.000002	0.000009	0.000021
0.000055	0.000243	0.000110	0.000341	0.487661	0.000032	0.353191	0.158352	0.000001	0.000004	0.000010
0.000266	0.000727	0.000491	0.001223	0.451219	0.000212	0.352205	0.193532	0.000006	0.000041	0.000080
0.000077	0.000258	0.000124	0.000315	0.519677	0.000047	0.349755	0.129415	0.000245	0.000069	0.000018
0.000066	0.000211	0.000101	0.000247	0.476173	0.000039	0.351630	0.171272	0.000203	0.000057	0.000001
0.000114	0.000357	0.000187	0.000465	0.498258	0.000074	0.351606	0.148492	0.000343	0.000104	0.000002
0.000203	0.000585	0.000353	0.000879	0.482744	0.000148	0.352496	0.161806	0.000584	0.000198	0.000003
0.000113	0.000366	0.000189	0.000485	0.493492	0.000073	0.352068	0.152738	0.000368	0.000107	0.000000
0.000095	0.000409	0.000230	0.000732	0.435625	0.000109	0.390913	0.170966	0.000661	0.000258	0.000002
0.000038	0.000156	0.000062	0.000170	0.491006	0.000020	0.351713	0.156715	0.000094	0.000023	0.000002
0.000061	0.000273	0.000125	0.000406	0.495386	0.000035	0.353594	0.150092	0.000010	0.000008	0.000010
0.000076	0.000290	0.000146	0.000453	0.493316	0.000046	0.353161	0.152160	0.000270	0.000067	0.000014
0.000078	0.000253	0.000165	0.000404	0.535492	0.000060	0.340886	0.122622	0.000002	0.000013	0.000025
0.000046	0.000155	0.000077	0.000203	0.496721	0.000029	0.350897	0.151856	0.000001	0.000004	0.000010
0.000110	0.000308	0.000208	0.000553	0.495998	0.000086	0.351370	0.151315	0.000004	0.000017	0.000032
0.000132	0.000385	0.000262	0.000783	0.480086	0.000098	0.352499	0.164721	0.000773	0.000226	0.000034
0.000127	0.000377	0.000227	0.000604	0.474704	0.000090	0.352449	0.170835	0.000424	0.000131	0.000032
0.000142	0.000477	0.000287	0.000803	0.482860	0.000105	0.353266	0.162041	0.000002	0.000017	0.000000
0.000123	0.000387	0.000239	0.000692	0.506917	0.000088	0.351750	0.139059	0.000456	0.000259	0.000029
0.000127	0.000365	0.000245	0.000690	0.524021	0.000097	0.349729	0.124009	0.000422	0.000262	0.000034
0.000337	0.000859	0.000700	0.002087	0.457677	0.000280	0.352399	0.182142	0.002317	0.001106	0.000098
0.000070	0.000221	0.000123	0.000338	0.510227	0.000047	0.350519	0.138074	0.000251	0.000131	0.000000
0.000042	0.000157	0.000076	0.000229	0.520820	0.000025	0.349755	0.128643	0.000175	0.000080	0.000000
0.000107	0.000445	0.000340	0.000846	0.470495	0.000091	0.355667	0.171207	0.000522	0.000278	0.000000
0.000193	0.000556	0.000391	0.001036	0.496110	0.000161	0.352215	0.149145	0.000006	0.000187	0.000000
0.000083	0.000281	0.000160	0.000471	0.516026	0.000057	0.350817	0.131611	0.000324	0.000171	0.000000
0.000056	0.000240	0.000114	0.000384	0.510220	0.000033	0.352645	0.135912	0.000274	0.000123	0.000000
0.000059	0.000234	0.000120	0.000386	0.524778	0.000038	0.350409	0.123581	0.000266	0.000128	0.000000
0.000009	0.000002	0.001655	0.011989	0.468698	0.000362	0.344065	0.171034	0.000193	0.001994	0.000000
0.000107	0.000340	0.000219	0.000649	0.490653	0.000083	0.352372	0.154902	0.000528	0.000148	0.000000
0.000070	0.000281	0.000167	0.000543	0.547359	0.000052	0.348222	0.103229	0.000002	0.000076	0.000000
0.000049	0.000236	0.000109	0.000376	0.515697	0.000029	0.352475	0.130984	0.000001	0.000044	0.000000
0.000050	0.000169	0.000087	0.000234	0.512896	0.000032	0.350023	0.136504	0.000001	0.000005	0.000000
0.000038	0.000143	0.000069	0.000200	0.527186	0.000023	0.348714	0.123623	0.000001	0.000003	0.000001
0.000087	0.000367	0.000287	0.000669	0.532543	0.000118	0.351328	0.114569	0.000004	0.000026	0.000002
0.000042	0.000190	0.000130	0.000311	0.542358	0.000050	0.348487	0.108394	0.000003	0.000035	0.000000
0.000054	0.000243	0.000118	0.000398	0.528407	0.000033	0.350662	0.120029	0.000004	0.000052	0.000000
0.000223	0.000656	0.000464	0.001306	0.472432	0.000185	0.353428	0.171012	0.000007	0.000224	0.000062
0.000190	0.000508	0.000370	0.000991	0.473085	0.000156	0.352391	0.172022	0.000026	0.000203	0.000059
0.000098	0.000332	0.000202	0.000640	0.458941	0.000078	0.354144	0.184196	0.000995	0.000354	0.000020
0.000119	0.000387	0.000234	0.000684	0.486936	0.000079	0.352769	0.158747	0.000003	0.000012	0.000030
0.000093	0.000365	0.000208	0.000667	0.525247	0.000066	0.351197	0.122046	0.000002	0.000092	0.000018
0.000073	0.000227	0.000127	0.000328	0.506836	0.000050	0.350648	0.141676	0.000001	0.000014	0.000019
0.000085	0.000274	0.000151	0.000415	0.490380	0.000058	0.352067	0.156163	0.000306	0.000099	0.000001
0.000070	0.000250	0.000135	0.000388	0.521988	0.000047	0.350068	0.127037	0.000002	0.000016	0.000000
0.000047	0.000193	0.000090	0.000276	0.516602	0.000026	0.350678	0.132083	0.000001	0.000003	0.000000
0.000056	0.000206	0.000108	0.000319	0.533507	0.000037	0.348525	0.117234	0.000001	0.000005	0.000000
0.000181	0.000451	0.000297	0.000979	0.427563	0.000111	0.345670	0.202163	0.019486	0.003099	0.000000
0.000292	0.000490	0.000482	0.001202	0.460725	0.000234	0.334953	0.148832	0.045676	0.007112	0.000000
0.000162	0.000273	0.000219	0.000552	0.445790	0.000111	0.333698	0.164639	0.048038	0.006519	0.000000
0.000066	0.000285	0.000188	0.000505	0.530657	0.000051	0.350575	0.117606	0.000001	0.000067	0.000000
0.000106	0.000330	0.000258	0.000586	0.526442	0.000092	0.349585	0.122479	0.000014	0.000110	0.000000
0.000118	0.000359	0.000280	0.000632	0.512571	0.000100	0.350968	0.134357	0.000377	0.000238	0.000000
0.000095	0.000333	0.000236	0.000562	0.507998	0.000075	0.351997	0.138277	0.000315	0.000112	0.000000
0.000177	0.000530	0.000468	0.001175	0.467408	0.000158	0.353432	0.175000	0.001245	0.000407	0.000000
0.000145	0.000445	0.000381	0.000965	0.480144	0.000127	0.353197	0.163272	0.000997	0.000327	0.000000
0.000131	0.000396	0.000307	0.000660	0.473527	0.000109	0.352696	0.171514	0.000464	0.000163	0.000032
0.000199	0.000619	0.000534	0.001248	0.477068	0.000183	0.353563	0.166515	0.000006	0.000065	0.000000
0.000190	0.000526	0.000483	0.001151	0.466039	0.000174	0.352681	0.177090	0.001240	0.000426	0.000000
0.000244	0.000697	0.000658	0.001658	0.474695	0.000230	0.353392	0.166387	0.001497	0.000541	0.000000
0.000204	0.000600	0.000531	0.001149	0.430992	0.000191	0.351707	0.214573	0.000003	0.000050	0.000000
0.000021	0.000130	0.000111	0.000209	0.584405	0.000018	0.320731	0.094368	0.000001	0.000007	0.000000
0.000082	0.000328	0.000332	0.000587	0.540043	0.000082	0.330894	0.127133	0.000365	0.000154	0.000000
0.000061	0.000295	0.000311	0.000527	0.552651	0.000062	0.324467	0.121169	0.000335	0.000124	0.000000
0.000113	0.000280	0.000185	0.000440	0.502084	0.000086	0.350560	0.145775	0.000323	0.000118	0.000036
0.000049	0.000236	0.000103	0.000351	0.502546	0.000028	0.353593	0.143083	0.000000	0.000003	0.000007
0.000073	0.000294	0.000144	0.000460	0.482589	0.000044	0.353934	0.162033	0.000339	0.000076	0.000013
0.000162	0.000261	0.000200	0.000600	0.432477	0.000096	0.330132	0.173868	0.050285	0.011872	0.000047
0.000069	0.000205	0.000120	0.000325	0.526277	0.000047	0.348788	0.123850	0.000232	0.000069	0.000018
0.000085	0.000337	0.000185	0.000621	0.520846	0.000056	0.351897	0.125371	0.000399	0.000202	0.000002
0.000106	0.000329	0.000196	0.000543	0.505287	0.000077	0.351491	0.141465	0.000372	0.000131	0.000002
0.000107	0.000347	0.000204	0.000585	0.506964	0.000075	0.351640	0.139549	0.000393	0.000134	0.000002
0.000054	0.000204	0.000098	0.000292	0.493090	0.000033	0.352290	0.153652	0.000224	0.000062	0.000001
0.000080	0.000294	0.000156	0.000478	0.510599	0.000053	0.351890	0.136042	0.000326	0.000080	0.000001
0.000030	0.000135	0.000056	0.000187	0.507195	0.000015	0.351779	0.140394	0.000149	0.000059	0.000000
0.000058	0.000221	0.000084	0.000324	0.505334	0.000025	0.343373	0.150286	0.000243	0.000053	0.000000
0.000073	0.000259	0.000143	0.000432	0.525817	0.000052	0.349959	0.122867	0.000299	0.000097	0.000002
0.000171	0.000491	0.000322	0.000866	0.484518	0.000132	0.352584	0.160096	0.000586	0.000189	0.000045
0.000064	0.000185	0.000106	0.000272	0.513886	0.000044	0.349701	0.135469	0.000208	0.000064	0.000000
0.000054	0.000248	0.000119	0.000429	0.526551	0.000031	0.351660	0.120482	0.000289	0.000129	0.000008
0.000029	0.000135	0.000063	0.000216	0.551977	0.000017	0.345582	0.101949	0.000001	0.000026	0.000005
0.000041	0.000173	0.000086	0.000283	0.545351	0.000025	0.347013	0.106984	0.000001	0.000036	0.000007
0.000090	0.000279	0.000166	0.000454	0.509931	0.000069	0.350897	0.137586	0.000326	0.000179	0.000022
0.000070	0.000252	0.000132	0.000379	0.503325	0.000046	0.351744	0.143977	0.000004	0.000058	0.000015
0.000165	0.000507	0.000331	0.000927	0.462778	0.000134	0.353106	0.181071	0.000585	0.000357	0.000039
